,Date,Symbol,Open,High,Low,Close,Volume
173,2015-01-01,GWLC,21.0,21.9,21.0,21.9,1500
690,2015-01-02,GWLC,22.0,22.99,22.0,22.99,27000
1210,2015-01-05,GWLC,23.0,23.3,22.9,23.2,94500
1721,2015-01-06,GWLC,23.2,24.0,23.2,23.81,101000
2238,2015-01-07,GWLC,24.0,25.0,24.0,24.98,73000
2751,2015-01-08,GWLC,25.5,26.22,24.94,25.99,109000
3263,2015-01-09,GWLC,26.3,27.28,26.0,27.28,113500
3786,2015-01-12,GWLC,28.6,28.64,28.05,28.64,28000
4326,2015-01-13,GWLC,29.0,29.84,28.0,28.88,39000
4873,2015-01-14,GWLC,29.88,30.32,29.88,30.32,67500
5417,2015-01-15,GWLC,30.7,31.83,30.01,31.83,49500
5958,2015-01-16,GWLC,32.45,33.42,30.24,31.85,147500
6492,2015-01-19,GWLC,32.48,32.51,30.5,30.95,14500
7026,2015-01-20,GWLC,31.0,32.4,29.41,31.58,62500
7562,2015-01-21,GWLC,31.5,31.5,30.01,30.08,49000
8084,2015-01-22,GWLC,28.8,28.8,28.8,28.8,2000
8595,2015-01-23,GWLC,28.01,30.24,28.01,30.21,21500
9115,2015-01-26,GWLC,31.7,31.72,31.0,31.25,41500
9672,2015-01-27,GWLC,31.4,31.4,29.69,29.85,55000
10229,2015-01-28,GWLC,30.0,30.0,30.0,30.0,1500
10778,2015-01-29,GWLC,30.0,30.0,29.0,30.0,2000
11315,2015-01-30,GWLC,29.5,29.5,29.5,29.5,2000
11875,2015-02-02,GWLC,28.26,30.97,28.26,30.62,50500
12390,2015-02-03,GWLC,31.5,31.5,29.55,31.24,10000
12909,2015-02-04,GWLC,31.0,31.0,29.7,29.8,33000
13414,2015-02-06,GWLC,29.55,29.55,29.55,29.55,500
13920,2015-02-09,GWLC,30.8,31.02,30.0,30.31,31500
14424,2015-02-10,GWLC,29.11,31.82,29.11,30.93,78500
14934,2015-02-11,GWLC,31.06,31.06,30.2,30.5,1500
15448,2015-02-12,GWLC,29.04,31.8,28.99,30.99,12500
15944,2015-02-13,GWLC,30.0,31.3,29.88,29.99,10000
16439,2015-02-16,GWLC,29.06,29.06,28.53,28.77,5500
16934,2015-02-17,GWLC,28.7,28.7,27.7,28.37,2500
17436,2015-02-18,GWLC,27.03,28.19,27.0,27.06,13000
17940,2015-02-19,GWLC,27.45,27.94,27.45,27.8,2000
18433,2015-02-20,GWLC,27.0,27.75,27.0,27.63,1500
18924,2015-02-23,GWLC,26.31,26.31,26.31,26.31,1000
19470,2015-02-24,GWLC,25.11,26.99,25.05,25.05,4000
20555,2015-02-26,GWLC,24.99,26.3,24.99,26.25,22500
23126,2015-03-05,GWLC,27.3,27.3,27.3,27.3,500
25036,2015-03-11,GWLC,26.0,28.0,26.0,26.0,9500
25522,2015-03-12,GWLC,27.23,27.23,27.23,27.23,500
26005,2015-03-13,GWLC,26.51,28.59,26.5,28.5,3500
26959,2015-03-17,GWLC,28.99,29.0,28.9,29.0,2500
27466,2015-03-18,GWLC,27.6,27.6,27.55,27.55,3500
29913,2015-03-26,GWLC,0.0,26.9428,26.9428,26.9428,0
30996,2015-03-30,GWLC,26.0,27.0,26.0,26.97,2500
31504,2015-03-31,GWLC,25.63,26.7,25.63,25.63,5500
32007,2015-04-01,GWLC,24.36,25.03,24.36,24.36,7500
32518,2015-04-02,GWLC,23.15,23.15,23.15,23.15,1000
33022,2015-04-03,GWLC,24.25,24.3,23.05,24.12,9500
33525,2015-04-06,GWLC,24.14,24.14,24.12,24.12,5000
34029,2015-04-07,GWLC,24.6,25.25,24.34,25.24,6500
34516,2015-04-08,GWLC,26.45,26.45,26.45,26.45,500
35004,2015-04-09,GWLC,25.75,27.76,25.75,27.31,7500
35510,2015-04-10,GWLC,28.65,28.65,26.08,28.18,6500
36024,2015-04-13,GWLC,27.8,29.48,27.8,29.48,1500
36977,2015-04-15,GWLC,29.5,29.5,28.01,28.01,4000
37471,2015-04-16,GWLC,28.5,28.5,28.5,28.5,1000
37990,2015-04-17,GWLC,28.5,28.5,28.5,28.5,1000
38494,2015-04-20,GWLC,28.5,28.5,28.5,28.5,1500
39554,2015-04-22,GWLC,27.08,29.0,27.08,28.9,5500
40082,2015-04-23,GWLC,28.5,28.5,28.0,28.0,1000
40603,2015-04-24,GWLC,27.5,27.5,27.5,27.5,500
41655,2015-04-28,GWLC,27.5,27.5,26.2,26.58,4000
42174,2015-04-29,GWLC,27.0,27.0,26.0,26.0,1500
44176,2015-05-06,GWLC,25.1,25.1,24.7,24.85,6000
46131,2015-05-12,GWLC,0.0,25.7,25.7,24.85,1000
46600,2015-05-13,GWLC,24.85,24.85,24.85,24.85,2000
48043,2015-05-18,GWLC,0.0,25.5,25.5,24.85,500
48520,2015-05-20,GWLC,23.66,23.8,23.61,23.63,15000
48994,2015-05-21,GWLC,0.0,23.98,23.98,23.63,1000
49933,2015-05-25,GWLC,24.0,24.44,23.65,23.65,4000
50460,2015-05-27,GWLC,23.65,24.0,23.65,24.0,2500
50985,2015-05-28,GWLC,23.5,24.0,23.5,24.0,2500
51513,2015-05-29,GWLC,24.0,24.6,22.85,23.9,5500
52065,2015-06-01,GWLC,24.0,24.0,24.0,24.0,2500
52582,2015-06-02,GWLC,24.0,24.0,24.0,24.0,4500
53096,2015-06-03,GWLC,24.25,24.25,24.25,24.25,500
53623,2015-06-04,GWLC,24.5,24.5,24.5,24.5,500
54138,2015-06-05,GWLC,23.28,24.25,23.28,24.25,1500
54666,2015-06-08,GWLC,25.0,25.46,25.0,25.46,55500
55191,2015-06-09,GWLC,25.65,26.0,25.15,25.19,12500
55713,2015-06-10,GWLC,25.5,25.51,24.74,25.5,31000
56242,2015-06-12,GWLC,25.0,25.5,25.0,25.0,16500
56781,2015-06-15,GWLC,25.03,26.25,25.03,26.25,318000
57302,2015-06-16,GWLC,27.24,27.24,26.0,26.74,24500
57832,2015-06-17,GWLC,26.73,28.05,26.73,27.96,286000
58375,2015-06-18,GWLC,28.0,29.35,27.85,29.35,368000
58878,2015-06-19,GWLC,30.19,30.5,28.35,28.36,51000
59371,2015-06-22,GWLC,27.11,28.15,27.11,28.0,232000
59912,2015-06-23,GWLC,27.71,28.0,27.5,27.51,5000
60481,2015-06-24,GWLC,26.5,27.0,26.42,26.9,321000
61031,2015-06-25,GWLC,26.5,27.5,26.02,26.19,40000
61558,2015-06-26,GWLC,27.0,27.0,26.3,26.44,21500
62094,2015-06-29,GWLC,27.5,27.76,26.99,27.19,17000
62587,2015-06-30,GWLC,27.0,27.3,27.0,27.0,10500
63089,2015-07-01,GWLC,27.0,27.8,27.0,27.8,9000
63598,2015-07-02,GWLC,27.5,28.19,27.5,28.02,17000
64096,2015-07-03,GWLC,27.5,28.0,27.49,27.93,33000
64604,2015-07-06,GWLC,28.0,28.5,27.5,28.5,24500
65115,2015-07-07,GWLC,29.0,29.6,29.0,29.46,178000
65627,2015-07-08,GWLC,30.0,30.93,29.4,29.4,126000
66138,2015-07-09,GWLC,30.0,30.0,29.25,29.99,110000
66633,2015-07-10,GWLC,29.99,30.0,29.4,29.77,36500
67125,2015-07-13,GWLC,29.75,30.1,29.75,30.0,27500
67636,2015-07-14,GWLC,29.4,30.35,29.0,30.0,9500
68155,2015-07-15,GWLC,30.0,30.0,29.4,29.56,20000
68678,2015-07-16,GWLC,29.95,30.0,29.25,29.42,44500
69211,2015-07-22,GWLC,30.0,30.89,30.0,30.7,92000
69746,2015-07-23,GWLC,31.4,32.2,31.0,31.0,38000
70278,2015-07-24,GWLC,31.0,31.0,29.75,30.02,56500
70807,2015-07-27,GWLC,29.0,29.2,28.6,28.93,33500
71356,2015-07-28,GWLC,28.9,29.8,28.9,29.0,76500
71923,2015-07-29,GWLC,30.0,30.0,29.0,29.0,2500
72472,2015-07-30,GWLC,29.0,29.05,29.0,29.0,40500
73017,2015-07-31,GWLC,29.3,30.45,29.3,30.08,11500
74033,2015-08-04,GWLC,28.6,30.49,28.6,30.24,60500
74550,2015-08-05,GWLC,29.02,30.75,29.0,29.78,27000
75070,2015-08-06,GWLC,30.5,30.5,29.06,29.15,9500
75593,2015-08-07,GWLC,29.7,30.0,29.7,29.74,9500
76101,2015-08-10,GWLC,29.02,30.49,29.02,29.23,36000
76624,2015-08-11,GWLC,29.1,29.25,29.1,29.25,1000
77139,2015-08-12,GWLC,29.0,30.0,29.0,29.09,22500
77662,2015-08-13,GWLC,29.0,29.89,28.76,29.0,258000
78171,2015-08-17,GWLC,28.5,28.99,28.5,28.5,8500
78679,2015-08-18,GWLC,27.32,29.0,27.32,28.1,4000
79196,2015-08-19,GWLC,28.05,28.05,27.5,27.89,44000
80215,2015-08-21,GWLC,26.65,27.58,26.5,26.95,73000
80731,2015-08-24,GWLC,25.67,25.67,25.65,25.65,9000
81266,2015-08-25,GWLC,26.9,26.93,26.89,26.93,14500
81808,2015-08-26,GWLC,28.27,28.27,27.3,27.3,8000
82905,2015-08-28,GWLC,26.75,27.25,26.75,26.75,11500
83461,2015-08-31,GWLC,27.5,28.08,27.5,28.08,46000
83982,2015-09-01,GWLC,28.5,28.5,27.91,28.0,13500
84469,2015-09-14,GWLC,30.0,30.25,29.5,29.78,52000
84948,2015-09-15,GWLC,30.0,30.0,29.26,29.29,4000
85427,2015-09-16,GWLC,29.0,29.5,29.0,29.5,22500
85918,2015-09-17,GWLC,29.55,30.0,29.4,29.4,13000
86843,2015-09-21,GWLC,28.5,28.5,28.25,28.25,1000
87352,2015-09-22,GWLC,29.6,29.66,29.6,29.66,25500
88334,2015-09-28,GWLC,30.01,30.3,30.01,30.3,4000
88809,2015-09-29,GWLC,29.75,30.35,29.75,30.25,15000
89754,2015-10-01,GWLC,30.1,30.25,28.74,30.0,15000
90224,2015-10-02,GWLC,30.26,31.5,30.26,31.5,37500
90707,2015-10-05,GWLC,31.5,31.5,30.5,30.51,11000
91208,2015-10-06,GWLC,32.0,32.03,31.0,32.01,21000
91697,2015-10-07,GWLC,32.25,32.5,31.5,32.0,5500
92183,2015-10-08,GWLC,33.0,33.6,33.0,33.6,76500
92686,2015-10-09,GWLC,35.18,35.28,35.18,35.28,64000
93192,2015-10-12,GWLC,36.0,36.0,34.5,35.0,15000
93701,2015-10-13,GWLC,34.0,36.0,34.0,36.0,53000
94212,2015-10-14,GWLC,35.0,35.0,35.0,35.0,500
94712,2015-10-15,GWLC,35.0,35.0,35.0,35.0,1500
95203,2015-10-16,GWLC,35.0,36.0,35.0,35.8,24000
95710,2015-10-19,GWLC,35.5,36.0,35.0,35.02,123500
96213,2015-10-20,GWLC,35.0,35.01,35.0,35.01,6000
96715,2015-10-21,GWLC,35.0,36.0,35.0,35.0,8500
97212,2015-10-22,GWLC,35.2,35.5,35.1,35.5,1500
97706,2015-10-26,GWLC,36.0,36.0,36.0,36.0,4000
98765,2015-10-28,GWLC,36.5,37.5,36.5,37.24,12000
99308,2015-10-29,GWLC,37.49,39.1,37.49,38.27,20000
99850,2015-10-30,GWLC,38.8,38.8,38.0,38.13,6000
100388,2015-11-02,GWLC,36.75,36.75,36.51,36.51,5500
101381,2015-11-04,GWLC,37.0,37.1,37.0,37.0,3000
101897,2015-11-05,GWLC,37.5,37.5,37.4,37.45,3000
102398,2015-11-06,GWLC,37.5,37.5,37.0,37.0,22000
102885,2015-11-09,GWLC,35.17,36.9,35.16,36.52,14500
103372,2015-11-10,GWLC,35.0,36.0,35.0,35.8,12500
103864,2015-11-11,GWLC,36.0,36.0,36.0,36.0,1000
104375,2015-11-12,GWLC,37.2,37.2,37.2,37.2,500
104881,2015-11-13,GWLC,36.0,36.0,35.5,35.64,3000
105878,2015-11-17,GWLC,35.5,35.75,34.75,34.8,29000
106400,2015-11-18,GWLC,35.4,35.4,35.4,35.4,2000
106902,2015-11-19,GWLC,34.5,34.5,34.5,34.5,1000
107396,2015-11-20,GWLC,35.3,35.3,35.3,35.3,500
108450,2015-11-24,GWLC,35.49,35.5,35.49,35.5,1500
108989,2015-11-25,GWLC,34.5,34.5,34.5,34.5,1000
110051,2015-11-27,GWLC,34.69,34.69,34.69,34.69,500
110584,2015-11-30,GWLC,33.0,33.0,32.96,32.96,6500
111081,2015-12-01,GWLC,32.1,32.1,31.32,31.32,22000
111567,2015-12-02,GWLC,32.4,32.88,32.4,32.88,13500
112055,2015-12-03,GWLC,0.0,32.5,32.5,32.88,5000
112535,2015-12-04,GWLC,33.0,33.0,32.4,33.0,5500
113024,2015-12-07,GWLC,33.0,33.0,33.0,33.0,1000
113510,2015-12-08,GWLC,34.5,34.5,34.5,34.5,1000
114014,2015-12-09,GWLC,34.89,35.01,34.89,35.0,5500
114500,2015-12-10,GWLC,35.11,35.11,34.6,34.6,1000
114968,2015-12-14,GWLC,36.0,36.0,36.0,36.0,1000
115443,2015-12-15,GWLC,34.5,34.5,34.5,34.5,1000
115911,2015-12-16,GWLC,35.0,35.0,35.0,35.0,5000
116391,2015-12-17,GWLC,33.3,35.9,33.3,35.06,3000
116859,2015-12-18,GWLC,35.9,35.9,35.01,35.01,2000
117333,2015-12-22,GWLC,38.57,38.57,37.0,38.57,70000
117836,2015-12-23,GWLC,40.47,40.49,40.0,40.49,155000
118356,2015-12-28,GWLC,41.25,42.51,41.25,42.51,338500
118828,2015-12-29,GWLC,44.55,44.63,41.45,44.01,578000
119301,2015-12-30,GWLC,45.4,45.93,44.0,45.58,111500
119763,2015-12-31,GWLC,44.4,47.79,44.4,47.45,6933500
120232,2016-01-01,GWLC,47.48,47.5,46.51,46.89,160000
120698,2016-01-05,GWLC,45.5,46.35,45.0,45.98,191000
121149,2016-01-06,GWLC,46.0,48.27,46.0,48.27,6266000
121620,2016-01-07,GWLC,48.23,49.74,47.05,47.42,20500
122085,2016-01-11,GWLC,44.01,44.7,43.7,43.7,72000
122539,2016-01-12,GWLC,41.52,42.45,41.52,41.52,20000
123001,2016-01-13,GWLC,42.0,42.0,39.45,40.0,16500
123486,2016-01-14,GWLC,0.0,38.0,38.0,38.0,15500
123963,2016-01-15,GWLC,38.0,38.8,36.1,36.1,8000
124445,2016-01-18,GWLC,34.55,35.0,34.3,34.43,167500
124914,2016-01-19,GWLC,35.0,36.15,35.0,36.15,4500
125361,2016-01-20,GWLC,34.6,37.94,34.6,37.49,7000
125831,2016-01-21,GWLC,38.0,39.0,37.5,39.0,7000
126283,2016-01-22,GWLC,37.5,39.5,37.5,39.5,2500
127227,2016-01-26,GWLC,38.0,39.0,37.53,39.0,6000
127730,2016-01-27,GWLC,39.0,39.75,39.0,39.08,17000
128232,2016-01-28,GWLC,39.75,41.03,39.75,41.03,60500
128717,2016-01-29,GWLC,41.0,42.5,41.0,42.0,12000
129208,2016-02-01,GWLC,43.0,43.67,43.0,43.01,14500
129681,2016-02-02,GWLC,42.95,43.0,42.5,42.5,5500
130140,2016-02-03,GWLC,43.5,43.5,42.5,42.5,2000
130609,2016-02-04,GWLC,43.5,44.62,43.5,44.32,263500
131071,2016-02-08,GWLC,43.5,44.74,42.56,43.63,12500
131997,2016-02-10,GWLC,42.11,42.11,42.1,42.1,3500
132457,2016-02-11,GWLC,43.0,43.0,43.0,43.0,500
132919,2016-02-12,GWLC,40.85,42.0,40.85,41.75,2000
133374,2016-02-15,GWLC,40.05,43.0,40.05,42.5,6500
133846,2016-02-16,GWLC,41.05,42.5,41.05,41.1,79000
134290,2016-02-17,GWLC,41.0,41.0,40.25,40.5,82000
134741,2016-02-18,GWLC,40.5,40.5,40.5,40.5,2000
135646,2016-02-22,GWLC,38.5,40.3,38.5,38.55,2000
136157,2016-02-23,GWLC,36.63,40.0,36.63,39.0,1500
136649,2016-02-24,GWLC,39.0,39.37,38.0,39.37,6000
137152,2016-02-25,GWLC,40.9,41.0,40.0,41.0,3000
138110,2016-03-01,GWLC,38.0,39.99,38.0,39.99,1000
138577,2016-03-02,GWLC,40.0,41.98,40.0,40.5,17500
139063,2016-03-03,GWLC,40.5,40.5,40.0,40.0,4500
139547,2016-03-04,GWLC,40.5,41.0,40.5,40.51,2500
140038,2016-03-07,GWLC,40.5,40.5,39.0,39.2,20500
140537,2016-03-08,GWLC,39.5,39.51,39.5,39.51,4500
141013,2016-03-09,GWLC,39.5,39.5,39.5,39.5,7500
141487,2016-03-10,GWLC,40.75,40.75,40.75,40.75,500
141944,2016-03-11,GWLC,40.49,40.49,39.25,39.9,4000
142425,2016-03-14,GWLC,41.2,41.25,40.0,40.01,102000
143370,2016-03-16,GWLC,39.75,40.0,39.0,39.0,26000
144320,2016-03-18,GWLC,39.0,39.9,38.5,38.6,11000
144799,2016-04-01,GWLC,41.0,41.7,40.0,40.23,33500
145298,2016-04-04,GWLC,40.23,40.26,40.23,40.26,3000
145810,2016-04-05,GWLC,40.9,40.9,40.0,40.45,25000
146332,2016-04-06,GWLC,40.45,41.0,40.45,40.87,19000
146840,2016-04-07,GWLC,40.5,40.51,40.3,40.3,14000
147338,2016-04-08,GWLC,40.9,40.9,40.9,40.9,1000
147844,2016-04-11,GWLC,42.7,42.7,40.86,40.86,4000
148329,2016-04-12,GWLC,39.06,40.0,38.91,40.0,4500
148805,2016-04-14,GWLC,41.4,41.4,41.0,41.3,11500
149296,2016-04-15,GWLC,40.05,40.5,39.51,39.67,14500
149791,2016-04-15,GWLC,40.05,40.5,39.51,39.67,14500
150288,2016-04-19,GWLC,41.0,41.0,39.5,40.1,38000
150802,2016-04-20,GWLC,38.61,40.5,38.61,40.5,1000
151324,2016-04-21,GWLC,41.1,41.1,38.71,39.21,15000
151836,2016-04-22,GWLC,39.9,40.94,39.01,39.9,3000
152340,2016-04-25,GWLC,40.24,40.25,40.24,40.25,2000
153445,2016-04-27,GWLC,39.1,40.0,39.1,40.0,23500
153998,2016-04-28,GWLC,40.0,40.0,40.0,40.0,1000
154545,2016-04-29,GWLC,39.0,39.0,39.0,39.0,1000
155087,2016-05-02,GWLC,40.29,40.49,40.29,40.49,11000
155584,2016-05-03,GWLC,40.49,40.49,40.25,40.25,6000
156117,2016-05-04,GWLC,39.5,42.05,39.5,41.97,1192000
156626,2016-05-06,GWLC,41.0,41.5,40.8,41.5,2500
157658,2016-05-10,GWLC,41.02,42.75,41.02,41.1,1500
158178,2016-05-12,GWLC,42.02,42.02,41.05,42.0,34500
159220,2016-05-16,GWLC,42.0,44.1,42.0,44.07,29500
159747,2016-05-18,GWLC,42.5,42.5,42.5,42.5,1000
160282,2016-05-19,GWLC,41.5,41.5,41.5,41.5,2000
160799,2016-05-20,GWLC,41.5,41.5,41.5,41.5,3000
161310,2016-05-23,GWLC,42.49,42.49,42.49,42.49,500
161879,2016-05-24,GWLC,43.79,43.79,43.79,43.79,500
162449,2016-05-25,GWLC,42.0,42.0,42.0,42.0,5000
163596,2016-06-02,GWLC,41.0,42.25,41.0,41.94,2000
164136,2016-06-03,GWLC,42.6,42.7,39.9,42.41,10000
164666,2016-06-06,GWLC,43.5,44.53,43.5,44.08,61000
166132,2016-06-08,GWLC,45.75,46.0,44.95,46.0,16500
166634,2016-06-09,GWLC,46.5,46.75,44.5,44.5,14500
167122,2016-06-10,GWLC,42.55,44.0,42.28,42.69,9000
168574,2016-06-15,GWLC,43.25,44.8,43.25,44.59,35500
169070,2016-06-16,GWLC,46.81,46.81,46.0,46.81,30000
169559,2016-06-17,GWLC,48.0,48.95,48.0,48.06,20500
170037,2016-06-20,GWLC,49.4,49.99,47.5,48.2,25000
170552,2016-06-21,GWLC,48.5,49.0,48.0,48.73,31000
171075,2016-06-22,GWLC,48.05,49.0,48.0,48.21,17500
171588,2016-06-23,GWLC,48.2,48.99,47.5,47.5,262000
173120,2016-06-28,GWLC,45.25,45.3,45.25,45.25,5000
174091,2016-06-30,GWLC,47.5,47.5,47.5,47.5,1500
174559,2016-07-04,GWLC,45.19,46.15,45.19,46.15,1000
175025,2016-07-11,GWLC,48.05,48.45,46.0,46.17,14000
175518,2016-07-12,GWLC,47.95,48.47,47.95,48.47,4500
176024,2016-07-13,GWLC,47.6,50.89,47.6,50.44,33500
176540,2016-07-14,GWLC,49.31,52.5,49.25,52.28,14500
177034,2016-07-15,GWLC,52.0,52.0,52.0,52.0,2000
177530,2016-07-18,GWLC,51.9,52.0,51.9,51.95,5000
178043,2016-07-19,GWLC,50.15,52.5,50.1,52.5,9500
178556,2016-07-20,GWLC,51.9,52.0,50.1,51.98,12000
179051,2016-07-21,GWLC,51.5,51.5,51.5,51.5,2000
179552,2016-07-22,GWLC,50.25,52.95,50.25,50.5,4500
180041,2016-07-25,GWLC,51.0,52.0,50.75,51.1,62500
180576,2016-07-26,GWLC,53.5,53.65,53.5,53.65,44000
181127,2016-07-27,GWLC,56.33,56.33,56.33,56.33,23500
181688,2016-07-28,GWLC,59.14,59.14,58.0,59.14,35000
182214,2016-07-29,GWLC,62.09,62.09,61.95,62.09,34000
182751,2016-08-01,GWLC,65.19,65.19,64.1,65.1,273000
183256,2016-08-02,GWLC,64.5,65.0,64.5,64.5,21500
183778,2016-08-03,GWLC,62.01,67.0,61.5,64.0,41500
184297,2016-08-04,GWLC,62.9,64.5,62.9,64.5,3000
184805,2016-08-05,GWLC,62.5,64.0,62.5,64.0,1000
185311,2016-08-08,GWLC,62.0,62.69,62.0,62.69,8000
185829,2016-08-09,GWLC,62.69,63.65,62.69,63.64,4500
186346,2016-08-11,GWLC,65.1,65.1,64.0,64.0,5000
186874,2016-08-12,GWLC,64.0,64.0,62.5,63.4,57500
187399,2016-08-15,GWLC,62.0,64.88,61.0,61.14,50500
187918,2016-08-16,GWLC,61.2,61.47,59.25,59.25,72000
188454,2016-08-17,GWLC,59.99,60.0,59.95,60.0,54500
188980,2016-08-18,GWLC,60.0,60.0,59.5,60.0,12000
189484,2016-08-19,GWLC,61.0,61.0,60.0,60.0,20000
189991,2016-08-22,GWLC,60.5,60.0,60.0,60.0,5500
191092,2016-08-24,GWLC,60.5,60.5,60.0,60.0,4500
191663,2016-08-26,GWLC,59.5,59.9,58.01,58.04,16000
192257,2016-08-29,GWLC,57.6,59.0,57.6,58.49,3000
192816,2016-09-01,GWLC,56.25,57.5,56.0,56.0,11500
193359,2016-09-02,GWLC,58.5,58.5,54.0,55.0,14000
193895,2016-09-05,GWLC,55.0,55.0,53.5,54.15,28500
194431,2016-09-06,GWLC,56.0,56.0,54.0,54.44,6500
194989,2016-09-07,GWLC,55.0,55.0,54.2,54.2,4000
195551,2016-09-08,GWLC,54.5,54.5,54.5,54.5,1000
196111,2016-09-09,GWLC,54.5,54.9,52.7,52.7,4500
196659,2016-09-15,GWLC,53.0,54.85,53.0,54.85,3500
197222,2016-09-19,GWLC,55.0,56.17,54.5,55.0,10000
197782,2016-09-20,GWLC,54.0,55.0,54.0,55.0,7000
198337,2016-09-21,GWLC,55.5,56.0,52.25,52.25,14000
198889,2016-09-22,GWLC,53.75,54.45,53.0,53.1,6500
199443,2016-09-26,GWLC,52.51,54.0,52.51,54.0,2000
200042,2016-09-27,GWLC,54.99,54.99,54.5,54.5,2500
200635,2016-09-28,GWLC,53.0,54.2,53.0,54.2,7000
201245,2016-09-29,GWLC,53.3,56.0,53.3,54.0,11500
201840,2016-09-30,GWLC,54.95,54.99,54.95,54.99,1000
202456,2016-10-03,GWLC,55.5,56.0,54.55,54.65,29000
203023,2016-10-04,GWLC,55.8,57.38,55.8,57.38,28500
203591,2016-10-05,GWLC,58.0,58.0,55.2,55.4,39500
204165,2016-10-06,GWLC,55.32,55.5,54.9,55.0,20500
204733,2016-10-07,GWLC,55.0,55.25,53.99,54.01,24500
205303,2016-10-10,GWLC,54.85,54.85,54.85,54.85,2000
205880,2016-10-13,GWLC,54.3,54.3,52.11,52.21,32500
206441,2016-10-14,GWLC,52.35,54.82,51.65,54.82,25500
207008,2016-10-17,GWLC,53.0,54.45,52.2,54.45,1500
207578,2016-10-18,GWLC,53.5,53.5,53.1,53.5,6500
208135,2016-10-19,GWLC,52.6,54.0,52.6,54.0,7500
208700,2016-10-20,GWLC,54.0,54.0,54.0,54.0,3500
209255,2016-10-21,GWLC,53.0,53.49,53.0,53.49,5000
210391,2016-10-25,GWLC,52.75,53.0,52.75,53.0,4000
210970,2016-10-26,GWLC,52.0,52.5,50.5,51.98,9000
211560,2016-10-27,GWLC,50.26,51.5,50.0,50.72,7000
212143,2016-10-28,GWLC,48.25,50.9,48.19,50.9,14000
213281,2016-11-01,GWLC,50.5,51.0,50.0,50.73,12500
213847,2016-11-02,GWLC,51.0,51.0,50.5,50.53,12500
214405,2016-11-03,GWLC,51.0,51.0,50.0,50.0,15000
214959,2016-11-07,GWLC,48.0,50.0,48.0,49.5,1500
215522,2016-11-08,GWLC,50.48,50.48,50.48,50.48,3500
216071,2016-11-09,GWLC,50.0,51.88,49.9,51.88,11000
216631,2016-11-10,GWLC,52.4,52.4,49.8,49.9,23500
217192,2016-11-11,GWLC,50.0,50.0,49.9,50.0,8500
217742,2016-11-14,GWLC,50.0,50.0,49.5,50.0,9500
218284,2016-11-15,GWLC,50.0,50.0,49.8,50.0,3500
218818,2016-11-15,GWLC,50.0,50.0,49.8,50.0,3500
219363,2016-11-16,GWLC,50.0,50.0,50.0,50.0,1000
219909,2016-11-17,GWLC,50.0,50.0,50.0,50.0,500
220459,2016-11-18,GWLC,49.99,50.0,49.99,50.0,3500
220990,2016-11-21,GWLC,49.5,49.5,49.3,49.3,4500
222173,2016-11-23,GWLC,48.0,49.0,48.0,48.63,5500
222775,2016-11-24,GWLC,49.0,49.9,48.8,49.33,21000
223367,2016-11-25,GWLC,49.0,49.97,49.0,49.0,159000
223971,2016-11-28,GWLC,49.0,49.0,48.9,49.0,2500
224525,2016-11-29,GWLC,48.7,49.75,48.65,48.91,6500
225078,2016-11-30,GWLC,49.0,49.0,48.25,48.25,8500
225630,2016-12-01,GWLC,49.0,49.0,48.99,49.0,21000
226179,2016-12-02,GWLC,49.5,51.44,49.5,50.4,6000
226725,2016-12-05,GWLC,49.1,52.0,48.0,51.18,9000
227280,2016-12-06,GWLC,52.5,53.5,52.0,53.23,17000
227832,2016-12-07,GWLC,54.0,54.0,51.26,51.3,108500
228375,2016-12-08,GWLC,50.91,50.91,49.5,49.52,20000
228916,2016-12-09,GWLC,49.0,50.05,49.0,49.91,8000
229467,2016-12-13,GWLC,49.99,52.0,49.99,51.43,15500
230018,2016-12-14,GWLC,50.5,52.0,49.5,51.38,19000
231096,2016-12-16,GWLC,51.4,51.4,51.0,51.0,6500
231638,2016-12-19,GWLC,50.02,51.0,50.01,50.42,12500
232194,2016-12-20,GWLC,50.35,50.5,50.35,50.5,5000
232737,2016-12-21,GWLC,50.75,50.75,49.5,50.45,6500
233274,2016-12-22,GWLC,50.51,50.51,50.0,50.0,5000
234323,2016-12-26,GWLC,49.5,50.51,49.5,50.0,17500
234884,2016-12-27,GWLC,50.0,50.0,49.52,50.0,12500
235467,2016-12-28,GWLC,50.0,50.0,50.0,50.0,4000
236049,2016-12-29,GWLC,49.2,50.0,49.0,50.0,70000
236629,2016-12-30,GWLC,50.0,50.0,49.51,49.96,21000
237206,2017-06-01,GWLC,55.0,55.78,52.44,52.84,268000
237695,2017-06-02,GWLC,52.0,52.74,50.2,50.6,289500
238190,2017-06-05,GWLC,52.0,53.13,51.5,53.13,217000
238683,2017-06-06,GWLC,53.99,55.78,53.13,55.08,468500
239167,2017-06-07,GWLC,55.3,55.3,54.6,54.96,110500
239657,2017-06-08,GWLC,55.99,56.0,53.82,54.18,72500
240136,2017-06-09,GWLC,54.0,54.0,53.41,53.61,12500
240626,2017-06-12,GWLC,51.36,52.0,50.93,50.95,299000
241122,2017-06-13,GWLC,51.1,52.0,49.0,51.4,73000
241604,2017-06-14,GWLC,51.0,52.0,49.5,49.83,212500
242069,2017-06-15,GWLC,49.01,51.5,49.0,50.88,51000
242521,2017-06-16,GWLC,49.6,50.15,49.05,49.77,30500
242979,2017-06-19,GWLC,49.85,50.05,48.55,49.0,67000
243475,2017-06-20,GWLC,49.0,49.0,46.55,46.55,128000
243978,2017-06-21,GWLC,45.5,46.95,44.23,45.9,634500
244477,2017-06-22,GWLC,47.5,48.19,46.5,48.19,391000
244960,2017-06-29,GWLC,47.5,48.0,45.79,45.79,110000
245471,2017-06-30,GWLC,45.02,46.7,43.51,45.54,219500
245974,2017-06-02,GWLC,52.0,52.74,50.2,50.6,289500
246469,2017-06-05,GWLC,52.0,53.13,51.5,53.13,217000
246962,2017-06-06,GWLC,53.99,55.78,53.13,55.08,468500
247446,2017-06-07,GWLC,55.3,55.3,54.6,54.96,110500
247936,2017-06-08,GWLC,55.99,56.0,53.82,54.18,72500
248415,2017-06-09,GWLC,54.0,54.0,53.41,53.61,12500
248905,2017-06-12,GWLC,51.36,52.0,50.93,50.95,299000
249401,2017-06-13,GWLC,51.1,52.0,49.0,51.4,73000
249883,2017-06-14,GWLC,51.0,52.0,49.5,49.83,212500
250348,2017-06-15,GWLC,49.01,51.5,49.0,50.88,51000
250800,2017-06-16,GWLC,49.6,50.15,49.05,49.77,30500
251258,2017-06-19,GWLC,49.85,50.05,48.55,49.0,67000
251754,2017-06-20,GWLC,49.0,49.0,46.55,46.55,128000
252257,2017-06-21,GWLC,45.5,46.95,44.23,45.9,634500
252756,2017-06-22,GWLC,47.5,48.19,46.5,48.19,391000
253239,2017-06-29,GWLC,47.5,48.0,45.79,45.79,110000
253750,2017-06-30,GWLC,45.02,46.7,43.51,45.54,219500
254282,2017-02-01,GWLC,57.75,60.24,57.0,60.22,141000
254817,2017-02-02,GWLC,62.0,63.23,60.0,60.93,211000
255341,2017-02-03,GWLC,62.5,62.99,60.0,60.84,71000
255876,2017-02-06,GWLC,61.0,61.0,58.5,59.43,16000
256403,2017-02-07,GWLC,59.0,59.0,59.0,59.0,2500
256939,2017-02-08,GWLC,57.65,60.8,57.65,59.99,288000
257476,2017-02-09,GWLC,60.5,62.98,60.5,62.98,681000
258015,2017-02-10,GWLC,63.0,65.5,61.3,62.73,239000
258556,2017-02-13,GWLC,65.85,65.86,64.02,65.1,2594000
259084,2017-02-14,GWLC,65.49,65.5,63.5,63.75,334500
259606,2017-02-15,GWLC,64.15,64.5,60.65,61.4,406000
260130,2017-02-16,GWLC,63.0,64.47,61.5,64.43,3925000
260651,2017-02-17,GWLC,66.0,67.65,65.0,67.48,6141500
261187,2017-02-20,GWLC,67.0,70.0,64.11,64.11,2763000
261754,2017-02-21,GWLC,62.5,66.8,62.01,65.34,415500
262324,2017-02-22,GWLC,66.0,66.0,62.1,63.04,284500
262885,2017-02-23,GWLC,60.01,64.0,59.5,62.71,149000
263437,2017-02-24,GWLC,64.49,64.49,61.5,62.9,176000
263989,2017-02-27,GWLC,62.08,63.45,60.5,62.12,333500
264508,2017-02-28,GWLC,62.5,65.22,61.2,64.82,1510000
265023,2017-03-01,GWLC,66.05,67.9,65.25,66.92,2611500
265546,2017-03-02,GWLC,67.49,68.85,64.8,66.15,1415000
266060,2017-03-03,GWLC,66.11,67.0,64.85,64.95,1071000
266566,2017-03-06,GWLC,66.25,66.25,63.5,64.03,912500
267078,2017-03-07,GWLC,64.5,64.5,62.5,63.26,170500
267582,2017-03-08,GWLC,62.51,64.2,62.51,63.13,152000
268099,2017-03-09,GWLC,63.0,65.0,62.55,63.11,1512500
268597,2017-03-10,GWLC,63.4,63.63,62.0,63.22,563500
269100,2017-03-13,GWLC,63.2,63.45,61.02,61.91,105500
269595,2017-03-30,GWLC,60.98,61.0,59.01,59.86,150000
270128,2017-03-31,GWLC,61.0,61.5,59.5,60.51,238000
270659,2017-04-03,GWLC,60.5,61.5,59.5,60.25,94000
271152,2017-04-04,GWLC,60.15,61.0,59.51,59.65,59000
271647,2017-04-05,GWLC,59.99,59.99,56.67,56.8,553000
272139,2017-04-06,GWLC,57.6,57.98,56.25,57.67,96500
272625,2017-04-07,GWLC,57.6,58.5,57.0,58.27,61000
273112,2017-04-10,GWLC,58.02,59.0,57.4,58.58,56000
273605,2017-04-11,GWLC,58.05,58.7,58.0,58.51,37500
274107,2017-04-12,GWLC,58.98,59.88,58.3,59.18,182000
274613,2017-04-13,GWLC,59.5,59.8,58.4,58.78,180500
275112,2017-04-14,GWLC,58.7,58.9,57.95,58.25,116000
275605,2017-04-17,GWLC,58.5,58.5,55.4,56.3,140500
276096,2017-04-18,GWLC,57.45,57.5,54.0,54.57,266000
276578,2017-04-19,GWLC,54.0,56.95,52.01,56.25,214000
277084,2017-04-20,GWLC,55.02,59.06,55.0,59.06,340500
277609,2017-04-21,GWLC,60.0,62.01,60.0,62.01,936500
278127,2017-04-24,GWLC,63.0,63.4,60.2,61.93,666500
278668,2017-04-25,GWLC,62.0,62.01,60.5,60.97,359500
279212,2017-04-26,GWLC,61.89,61.89,59.99,61.2,689500
279765,2017-04-27,GWLC,61.49,63.97,61.49,62.55,1520500
280302,2017-04-28,GWLC,63.0,63.0,61.8,62.13,347500
280830,2017-05-02,GWLC,61.99,62.0,60.5,60.97,137500
281330,2017-05-03,GWLC,60.15,60.89,59.26,59.56,130000
281834,2017-05-04,GWLC,59.6,61.1,59.6,60.76,154000
282346,2017-05-05,GWLC,61.0,61.48,60.0,60.3,172000
282869,2017-05-08,GWLC,61.0,61.99,60.13,60.99,468500
283391,2017-05-09,GWLC,61.0,61.75,57.95,58.38,781000
283899,2017-05-10,GWLC,58.51,59.5,58.28,59.13,206000
284399,2017-05-11,GWLC,59.79,60.75,59.0,59.54,480000
284907,2017-05-12,GWLC,59.5,61.47,59.2,60.92,226500
285424,2017-05-15,GWLC,60.92,62.2,60.02,60.35,437500
285947,2017-05-16,GWLC,60.62,60.99,58.55,59.01,276500
286461,2017-05-17,GWLC,58.05,59.49,58.05,58.62,178000
286979,2017-05-18,GWLC,58.26,58.5,57.5,57.64,255500
287523,2017-05-19,GWLC,58.7,58.7,57.55,57.71,112000
288035,2017-05-22,GWLC,58.0,59.0,57.86,58.41,219500
288593,2017-05-23,GWLC,57.4,58.9,57.4,58.27,143000
289163,2017-05-24,GWLC,57.9,58.9,57.9,57.9,137000
289715,2017-05-25,GWLC,58.0,59.99,57.6,59.23,636000
290261,2017-05-26,GWLC,59.0,59.75,57.9,58.84,342500
290789,2017-05-29,GWLC,58.49,58.49,56.81,57.06,211500
291292,2017-05-30,GWLC,57.0,57.9,56.6,56.8,26500
291789,2017-05-31,GWLC,57.1,57.1,54.0,55.2,212500
292297,2017-06-01,GWLC,55.0,55.78,52.44,52.84,268000
292786,2017-06-02,GWLC,52.0,52.74,50.2,50.6,289500
293281,2017-06-05,GWLC,52.0,53.13,51.5,53.13,217000
293774,2017-06-06,GWLC,53.99,55.78,53.13,55.08,468500
294258,2017-06-07,GWLC,55.3,55.3,54.6,54.96,110500
294748,2017-06-08,GWLC,55.99,56.0,53.82,54.18,72500
295227,2017-06-09,GWLC,54.0,54.0,53.41,53.61,12500
295717,2017-06-12,GWLC,51.36,52.0,50.93,50.95,299000
296213,2017-06-13,GWLC,51.1,52.0,49.0,51.4,73000
296695,2017-06-14,GWLC,51.0,52.0,49.5,49.83,212500
297160,2017-06-15,GWLC,49.01,51.5,49.0,50.88,51000
297612,2017-06-16,GWLC,49.6,50.15,49.05,49.77,30500
298070,2017-06-19,GWLC,49.85,50.05,48.55,49.0,67000
298566,2017-06-20,GWLC,49.0,49.0,46.55,46.55,128000
299069,2017-06-21,GWLC,45.5,46.95,44.23,45.9,634500
299568,2017-06-22,GWLC,47.5,48.19,46.5,48.19,391000
300051,2017-06-29,GWLC,47.5,48.0,45.79,45.79,110000
300562,2017-06-30,GWLC,45.02,46.7,43.51,45.54,219500
301065,2017-06-02,GWLC,52.0,52.74,50.2,50.6,289500
301560,2017-06-05,GWLC,52.0,53.13,51.5,53.13,217000
302053,2017-06-06,GWLC,53.99,55.78,53.13,55.08,468500
302537,2017-06-07,GWLC,55.3,55.3,54.6,54.96,110500
303027,2017-06-08,GWLC,55.99,56.0,53.82,54.18,72500
303506,2017-06-09,GWLC,54.0,54.0,53.41,53.61,12500
303996,2017-06-12,GWLC,51.36,52.0,50.93,50.95,299000
304492,2017-06-13,GWLC,51.1,52.0,49.0,51.4,73000
304974,2017-06-14,GWLC,51.0,52.0,49.5,49.83,212500
305439,2017-06-15,GWLC,49.01,51.5,49.0,50.88,51000
305891,2017-06-16,GWLC,49.6,50.15,49.05,49.77,30500
306349,2017-06-19,GWLC,49.85,50.05,48.55,49.0,67000
306845,2017-06-20,GWLC,49.0,49.0,46.55,46.55,128000
307348,2017-06-21,GWLC,45.5,46.95,44.23,45.9,634500
307847,2017-06-22,GWLC,47.5,48.19,46.5,48.19,391000
308330,2017-06-29,GWLC,47.5,48.0,45.79,45.79,110000
308841,2017-06-30,GWLC,45.02,46.7,43.51,45.54,219500
309350,2017-07-03,GWLC,44.0,44.0,43.27,43.27,437000
309815,2017-07-04,GWLC,42.26,45.0,42.26,44.6,203000
310287,2017-07-05,GWLC,44.25,45.5,42.96,43.0,175500
310742,2017-07-06,GWLC,43.0,43.25,41.3,41.5,230000
311185,2017-07-07,GWLC,42.6,43.57,41.6,42.62,452000
311651,2017-07-10,GWLC,41.06,44.75,40.81,44.74,331500
312117,2017-07-11,GWLC,43.0,43.5,42.51,42.51,479000
312576,2017-07-12,GWLC,42.11,43.5,41.12,43.21,249000
313030,2017-07-13,GWLC,43.5,43.95,41.05,43.01,200000
313483,2017-07-14,GWLC,43.0,45.0,42.0,44.51,332000
313940,2017-07-17,GWLC,43.0,44.9,43.0,44.48,68000
314420,2017-07-18,GWLC,45.0,46.14,44.5,45.79,418500
314895,2017-07-19,GWLC,45.0,46.5,44.81,45.01,173500
315367,2017-07-20,GWLC,46.4,46.85,44.0,44.19,351000
315832,2017-07-21,GWLC,43.01,45.4,43.0,45.0,73000
316279,2017-07-24,GWLC,45.9,45.9,44.85,45.01,50000
316775,2017-07-25,GWLC,45.0,45.9,44.95,45.66,104000
317285,2017-07-26,GWLC,44.87,45.35,44.21,44.69,62000
317784,2017-07-27,GWLC,45.87,45.87,44.0,44.23,70000
318286,2017-07-28,GWLC,43.98,45.84,42.25,45.3,141500
318805,2017-08-01,GWLC,45.05,46.0,45.05,45.87,88000
319294,2017-08-02,GWLC,46.0,47.0,45.7,46.37,337000
319797,2017-08-03,GWLC,46.95,47.9,46.0,47.5,251500
320296,2017-08-04,GWLC,47.75,48.55,46.85,47.0,169000
320785,2017-08-07,GWLC,48.05,48.05,46.0,46.07,122500
321263,2017-08-08,GWLC,46.5,46.99,44.03,44.48,132500
321742,2017-08-10,GWLC,46.0,46.1,44.51,45.84,53000
322199,2017-08-11,GWLC,45.0,45.71,44.55,44.82,26000
322677,2017-08-15,GWLC,45.14,45.39,43.35,43.5,62500
323151,2017-08-16,GWLC,43.01,44.5,42.43,43.6,140500
323606,2017-08-17,GWLC,43.88,44.0,41.42,41.46,204000
324070,2017-08-18,GWLC,42.0,42.0,39.4,40.31,581000
324542,2017-08-21,GWLC,40.1,40.95,38.3,38.3,92500
325048,2017-08-22,GWLC,37.25,37.98,36.39,36.46,177500
325562,2017-08-23,GWLC,37.0,38.28,37.0,38.28,172000
326081,2017-08-24,GWLC,38.94,39.0,36.37,36.48,153000
326583,2017-08-25,GWLC,35.48,38.3,35.0,37.68,164000
327082,2017-08-28,GWLC,36.6,36.6,35.8,35.88,138500
327553,2017-08-29,GWLC,35.0,37.67,34.09,36.2,411000
328009,2017-08-30,GWLC,35.8,37.99,36.1,36.79,175000
328457,2017-08-31,GWLC,36.5,36.5,36.0,36.5,9500
328908,2020-07-01,GWLC,16.28,17.5,16.28,17.5,1134500
329421,2017-09-05,GWLC,37.0,37.75,36.5,37.75,21500
329898,2017-09-06,GWLC,37.5,37.99,35.88,37.22,78500
330363,2017-09-07,GWLC,36.51,36.98,35.51,36.1,28500
330848,2017-09-08,GWLC,36.5,36.75,35.8,36.55,22000
331318,2017-09-11,GWLC,36.0,36.81,35.51,36.23,38500
331774,2017-09-12,GWLC,35.21,36.45,35.1,36.43,19500
332253,2017-09-13,GWLC,36.81,36.98,35.15,35.88,61000
332737,2017-09-14,GWLC,36.01,36.5,35.4,36.3,73500
333211,2017-09-15,GWLC,36.5,36.5,35.8,35.95,11500
333674,2017-09-18,GWLC,36.05,36.19,35.5,36.07,22000
334154,2017-09-19,GWLC,36.0,36.25,35.0,35.43,69500
334636,2017-09-20,GWLC,35.43,37.2,34.0,35.89,179000
335134,2017-09-21,GWLC,35.31,35.9,35.25,35.43,65000
335619,2017-09-22,GWLC,35.02,36.2,35.02,35.95,34500
336094,2017-09-25,GWLC,35.5,36.47,35.02,36.03,32000
336593,2017-09-26,GWLC,35.75,35.9,35.0,35.23,71500
337091,2017-09-27,GWLC,35.9,36.0,34.15,34.76,160500
337605,2017-09-28,GWLC,35.75,35.5,34.05,34.39,72500
338101,2017-09-29,GWLC,34.42,34.45,33.0,33.21,148500
338598,2020-07-01,GWLC,16.28,17.5,16.28,17.5,1134500
339111,2017-09-05,GWLC,37.0,37.75,36.5,37.75,21500
339588,2017-09-06,GWLC,37.5,37.99,35.88,37.22,78500
340053,2017-09-07,GWLC,36.51,36.98,35.51,36.1,28500
340538,2017-09-08,GWLC,36.5,36.75,35.8,36.55,22000
341008,2017-09-11,GWLC,36.0,36.81,35.51,36.23,38500
341464,2017-09-12,GWLC,35.21,36.45,35.1,36.43,19500
341943,2017-09-13,GWLC,36.81,36.98,35.15,35.88,61000
342427,2017-09-14,GWLC,36.01,36.5,35.4,36.3,73500
342901,2017-09-15,GWLC,36.5,36.5,35.8,35.95,11500
343364,2017-09-18,GWLC,36.05,36.19,35.5,36.07,22000
343844,2017-09-19,GWLC,36.0,36.25,35.0,35.43,69500
344326,2017-09-20,GWLC,35.43,37.2,34.0,35.89,179000
344824,2017-09-21,GWLC,35.31,35.9,35.25,35.43,65000
345309,2017-09-22,GWLC,35.02,36.2,35.02,35.95,34500
345784,2017-09-25,GWLC,35.5,36.47,35.02,36.03,32000
346283,2017-09-26,GWLC,35.75,35.9,35.0,35.23,71500
346781,2017-09-27,GWLC,35.9,36.0,34.15,34.76,160500
347295,2017-09-28,GWLC,35.75,35.5,34.05,34.39,72500
347791,2017-09-29,GWLC,34.42,34.45,33.0,33.21,148500
348296,2017-10-02,GWLC,33.22,33.8,32.75,32.8,72500
348781,2017-10-03,GWLC,32.97,32.97,31.16,31.16,355500
349261,2017-10-04,GWLC,31.0,32.0,29.61,30.49,289000
349756,2017-10-05,GWLC,31.0,31.0,30.0,30.47,248000
350244,2017-10-06,GWLC,30.8,31.99,30.8,31.46,470500
350729,2017-10-09,GWLC,31.0,31.5,30.8,30.96,70000
351209,2017-10-10,GWLC,31.0,31.0,29.5,29.98,173500
351680,2017-10-11,GWLC,29.35,30.6,29.05,30.24,46500
352165,2017-10-12,GWLC,29.7,29.7,29.1,29.19,10500
352655,2017-10-13,GWLC,28.51,28.51,27.74,27.84,161000
353142,2017-10-16,GWLC,27.6,27.65,26.4,27.47,125000
353623,2017-10-17,GWLC,27.45,28.84,27.4,28.4,110500
354105,2017-10-18,GWLC,27.9,29.5,27.5,28.76,93000
354576,2017-10-19,GWLC,29.3,30.19,29.3,30.07,301500
355057,2017-10-20,GWLC,30.25,30.5,29.86,30.0,251000
355526,2017-10-23,GWLC,29.9,29.9,28.5,28.5,228000
356028,2017-10-24,GWLC,28.01,28.05,27.08,27.51,193500
356526,2017-10-25,GWLC,27.7,28.0,27.58,27.85,40000
357019,2017-10-26,GWLC,28.0,28.85,27.8,28.24,119500
357517,2017-10-27,GWLC,27.8,27.8,26.83,26.83,79500
358029,2017-10-30,GWLC,25.5,25.5,25.49,25.49,22500
358494,2017-10-31,GWLC,24.22,24.84,24.22,24.22,822500
358972,2017-11-01,GWLC,24.22,25.25,23.01,23.54,566500
359443,2017-11-02,GWLC,24.25,24.7,23.14,23.38,367000
359910,2017-11-03,GWLC,23.59,24.3,23.59,23.85,108000
360375,2017-11-06,GWLC,23.7,24.3,23.5,23.7,59500
360834,2017-11-07,GWLC,23.99,23.99,23.4,23.4,47500
361302,2017-11-08,GWLC,23.1,23.74,23.0,23.2,96500
361791,2017-11-09,GWLC,23.65,24.36,23.22,24.33,200500
362271,2017-11-10,GWLC,24.5,24.5,23.52,23.69,39000
362728,2017-11-13,GWLC,23.95,23.95,22.8,23.47,71000
363202,2017-11-14,GWLC,23.5,23.95,23.0,23.47,34000
363681,2017-11-15,GWLC,23.55,23.88,23.5,23.56,33000
364141,2017-11-16,GWLC,23.75,23.9,23.11,23.21,26500
364599,2017-11-17,GWLC,23.77,23.77,23.32,23.43,9000
365048,2017-11-20,GWLC,23.1,23.3,23.01,23.05,24000
365533,2017-11-21,GWLC,23.39,23.47,23.21,23.34,10500
366023,2017-11-22,GWLC,23.5,23.62,23.35,23.62,11000
366511,2017-11-23,GWLC,23.45,23.92,23.1,23.5,31000
366988,2017-11-24,GWLC,23.17,23.69,23.17,23.5,17000
367480,2017-11-27,GWLC,23.39,24.0,23.2,23.57,34500
367941,2017-11-28,GWLC,23.7,24.25,23.61,23.62,36500
368402,2017-11-29,GWLC,23.55,23.9,23.55,23.72,6000
368860,2017-11-30,GWLC,24.0,24.35,23.75,23.84,227500
369319,2017-12-04,GWLC,24.12,24.12,23.01,23.21,57500
369780,2017-12-05,GWLC,23.24,23.9,23.24,23.59,78500
370257,2017-12-06,GWLC,23.94,23.94,23.3,23.7,62500
370726,2017-12-07,GWLC,23.95,23.95,22.8,22.95,80500
371201,2017-12-08,GWLC,22.61,23.45,22.6,23.31,86500
371673,2017-12-11,GWLC,22.8,23.4,22.15,22.15,111000
372146,2017-12-12,GWLC,22.3,22.3,21.05,22.12,209000
372611,2017-12-13,GWLC,22.34,22.99,21.8,22.59,58000
373071,2017-12-14,GWLC,22.33,22.63,21.75,21.75,29000
373528,2017-12-15,GWLC,22.1,22.41,22.03,22.1,25000
373981,2017-12-19,GWLC,20.86,20.95,20.1,20.15,304000
374433,2017-12-20,GWLC,20.15,21.15,19.71,19.79,205500
374902,2017-12-21,GWLC,19.61,20.6,19.61,20.14,86500
375379,2017-12-22,GWLC,20.3,21.14,20.3,21.14,444500
375845,2017-12-26,GWLC,21.92,22.19,21.0,22.19,144500
376342,2017-12-27,GWLC,22.73,23.29,22.69,23.29,224000
376842,2017-12-28,GWLC,24.4,24.45,24.39,24.45,414500
377332,2017-12-29,GWLC,25.67,25.67,23.78,24.11,314000
377812,2018-01-01,GWLC,23.5,24.75,23.05,24.46,225500
378278,2018-01-02,GWLC,24.0,25.5,24.0,25.34,223000
378755,2018-01-03,GWLC,25.3,25.88,24.27,24.79,177500
379215,2018-01-04,GWLC,24.9,24.9,24.15,24.58,177500
379695,2018-01-05,GWLC,24.98,25.5,24.63,25.06,219000
380185,2018-01-08,GWLC,24.6,26.31,24.6,26.27,543000
380661,2018-01-09,GWLC,26.48,26.48,25.65,26.15,178500
381153,2018-01-10,GWLC,26.0,26.6,26.0,26.56,98000
381640,2018-01-11,GWLC,25.5,26.65,25.5,26.03,132500
382115,2018-01-12,GWLC,26.0,26.24,24.8,24.95,51500
382578,2018-01-15,GWLC,24.5,24.75,23.8,24.18,112500
383034,2018-01-16,GWLC,24.5,25.38,24.41,25.15,161500
383509,2018-01-17,GWLC,25.5,26.4,25.2,26.37,123000
383993,2018-01-18,GWLC,27.0,27.15,26.45,26.97,212500
384469,2018-01-19,GWLC,27.45,28.31,27.45,28.31,120500
384966,2018-01-22,GWLC,28.99,29.72,28.99,29.72,155000
385497,2018-01-23,GWLC,31.2,31.2,30.27,31.03,733500
386026,2018-01-24,GWLC,30.6,32.3,30.6,31.22,516000
386555,2018-01-25,GWLC,31.69,31.69,30.1,30.53,121500
387073,2018-01-26,GWLC,30.25,30.28,29.01,29.71,141000
387587,2018-01-29,GWLC,29.55,29.6,28.5,29.14,301500
388076,2018-01-30,GWLC,29.12,29.39,28.7,29.0,97500
388575,2018-01-31,GWLC,29.1,29.1,28.49,28.54,121000
389071,2018-02-01,GWLC,28.7,29.85,28.5,28.73,376000
389563,2018-02-06,GWLC,27.59,27.59,26.25,26.99,191000
390067,2018-02-07,GWLC,27.2,27.48,26.8,26.86,131500
390567,2018-02-08,GWLC,26.56,27.4,26.5,26.56,121500
391061,2018-02-09,GWLC,26.2,27.0,26.15,26.85,33000
391537,2018-02-12,GWLC,26.99,27.0,26.5,26.59,106000
392004,2018-02-13,GWLC,26.56,27.4,26.45,26.53,79000
392494,2018-02-14,GWLC,26.5,26.75,25.75,26.2,83500
392996,2018-02-15,GWLC,26.42,26.6,25.85,25.92,81000
393492,2018-02-16,GWLC,25.55,26.84,25.51,26.35,38000
393981,2018-02-19,GWLC,26.79,26.87,25.51,25.77,45500
394535,2018-02-20,GWLC,25.55,25.87,25.25,25.57,82000
395055,2018-02-21,GWLC,26.25,26.25,25.43,25.43,33500
395592,2018-02-22,GWLC,25.3,25.78,25.0,25.67,91500
396129,2018-02-23,GWLC,25.51,25.99,25.17,25.53,62000
396658,2018-02-26,GWLC,25.4,25.92,25.4,25.56,28000
397141,2018-02-27,GWLC,25.5,26.0,25.42,25.9,16500
397647,2018-02-28,GWLC,26.0,26.0,25.31,25.71,126500
398159,2018-03-01,GWLC,25.89,26.99,25.89,26.67,366000
398656,2018-03-02,GWLC,26.9,26.99,26.2,26.54,234500
399152,2018-03-05,GWLC,26.51,26.79,26.19,26.42,73500
399649,2018-03-06,GWLC,26.75,26.99,26.49,26.54,209000
400141,2018-03-07,GWLC,26.84,26.84,26.2,26.23,71000
400626,2018-03-08,GWLC,26.0,26.45,25.9,26.21,16500
401110,2018-03-09,GWLC,26.0,26.1,25.5,25.57,47000
401600,2018-03-12,GWLC,25.5,25.81,25.5,25.81,28000
402090,2018-03-13,GWLC,25.71,26.48,25.51,25.81,55000
402594,2018-03-14,GWLC,25.7,26.0,25.5,25.6,43500
403101,2018-03-15,GWLC,26.0,26.19,25.7,26.01,93500
403600,2018-03-16,GWLC,26.0,26.0,25.71,25.74,17000
404092,2018-03-19,GWLC,26.49,26.5,25.61,26.0,40000
404605,2018-03-20,GWLC,26.0,26.59,26.0,26.09,55000
405122,2018-03-21,GWLC,26.05,26.6,26.05,26.4,99500
405640,2018-03-22,GWLC,26.4,27.07,26.0,26.65,302000
406134,2018-03-26,GWLC,26.47,26.6,26.23,26.32,77500
406686,2018-03-27,GWLC,26.6,26.75,26.41,26.44,104000
407234,2018-03-28,GWLC,26.44,26.65,26.3,26.61,130000
407785,2018-03-29,GWLC,26.61,27.35,26.55,26.58,216000
408343,2018-03-30,GWLC,26.35,26.55,26.25,26.34,53000
408893,2018-04-02,GWLC,26.8,27.34,26.55,27.23,355000
409411,2018-04-03,GWLC,27.0,28.1,27.0,27.74,407500
409924,2018-04-04,GWLC,27.9,28.3,27.6,27.87,374500
410431,2018-04-05,GWLC,27.75,28.24,27.5,27.67,426500
410932,2018-04-06,GWLC,27.98,28.18,27.5,27.56,184500
411435,2018-04-09,GWLC,27.92,28.93,27.92,28.93,385000
411937,2018-04-10,GWLC,29.5,29.75,28.75,28.86,431000
412452,2018-04-11,GWLC,28.52,29.25,28.51,28.54,140500
412980,2018-04-12,GWLC,28.5,28.75,28.11,28.5,288500
413481,2018-04-13,GWLC,28.1,28.15,27.5,27.52,168500
413981,2018-04-16,GWLC,27.71,27.71,27.12,27.49,53500
414473,2018-04-17,GWLC,27.78,27.99,27.31,27.65,44000
414983,2018-04-18,GWLC,27.65,28.28,27.35,27.4,94000
415490,2018-04-19,GWLC,27.7,27.94,26.52,26.61,61500
415992,2018-04-20,GWLC,26.8,27.0,26.3,26.52,95500
416512,2018-04-24,GWLC,26.1,26.69,25.3,25.97,260500
417089,2018-04-25,GWLC,26.4,26.4,25.5,25.55,53500
417663,2018-04-26,GWLC,25.25,25.48,25.01,25.06,96500
418215,2018-04-27,GWLC,25.06,25.25,24.91,25.21,99500
418772,2018-04-30,GWLC,25.0,25.0,23.99,24.55,383500
419278,2018-05-02,GWLC,24.89,24.89,24.0,24.09,42000
419780,2018-05-03,GWLC,24.11,24.75,23.67,24.06,70000
420276,2018-05-04,GWLC,24.1,24.45,23.75,24.28,52000
420788,2018-05-07,GWLC,24.25,24.25,23.51,23.62,68000
421280,2018-05-08,GWLC,23.6,23.88,23.4,23.7,64000
421790,2018-05-09,GWLC,23.55,23.7,23.0,23.5,51500
422296,2018-05-10,GWLC,23.5,24.25,23.23,24.0,89500
422796,2018-05-11,GWLC,23.95,24.29,23.0,23.13,184500
423288,2018-05-14,GWLC,22.8,23.38,22.52,22.88,27000
423769,2018-05-15,GWLC,22.5,23.45,22.5,23.4,196000
424254,2018-05-16,GWLC,23.25,23.5,23.07,23.5,23000
424700,2018-05-17,GWLC,23.25,23.4,22.5,22.66,36500
425145,2018-05-18,GWLC,22.05,22.8,21.6,22.01,123000
425604,2018-05-21,GWLC,22.49,22.49,22.1,22.47,4500
426130,2018-05-22,GWLC,22.03,23.59,22.03,23.42,421000
426663,2018-05-23,GWLC,23.74,23.74,22.8,23.05,48000
427197,2018-05-24,GWLC,22.95,23.45,22.95,23.12,13000
427700,2018-05-25,GWLC,23.0,23.35,22.66,23.31,23000
428223,2018-05-28,GWLC,23.0,23.45,22.15,22.28,412500
428714,2018-05-29,GWLC,22.5,22.75,22.1,22.68,206000
429195,2018-05-30,GWLC,22.2,22.45,22.0,22.03,111500
429676,2018-05-31,GWLC,22.28,22.3,21.7,21.9,186500
430133,2018-06-01,GWLC,21.98,21.99,21.85,21.99,8000
430603,2018-06-04,GWLC,22.0,22.0,21.26,21.63,189500
431080,2018-06-05,GWLC,21.85,22.25,21.0,22.02,1204500
431570,2018-06-06,GWLC,22.47,22.5,21.8,22.3,368000
432061,2018-06-07,GWLC,22.37,22.79,22.2,22.25,118000
432543,2018-06-11,GWLC,22.11,22.28,21.9,22.05,69500
433022,2018-06-12,GWLC,22.35,22.35,21.02,21.13,141500
433496,2018-06-13,GWLC,21.65,21.65,21.0,21.2,61500
433961,2018-06-14,GWLC,21.13,22.26,21.0,21.53,194000
434422,2018-06-19,GWLC,21.5,21.75,21.27,21.52,32000
434899,2018-06-20,GWLC,21.35,21.55,21.0,21.22,84000
435380,2018-06-21,GWLC,21.2,21.34,20.8,21.08,83000
435862,2018-06-22,GWLC,21.45,21.49,20.8,20.83,38000
436353,2018-06-25,GWLC,21.0,21.0,20.2,20.71,32500
436900,2018-06-26,GWLC,20.75,21.0,20.1,20.27,104500
437462,2018-06-27,GWLC,20.77,20.77,20.0,20.2,225500
438018,2018-06-28,GWLC,20.29,21.21,20.29,21.02,314000
438556,2018-06-29,GWLC,20.81,21.15,20.7,20.92,25000
439085,2018-07-02,GWLC,20.81,21.2,20.5,20.65,43000
439536,2018-07-03,GWLC,20.6,20.94,20.5,20.68,32000
440004,2018-07-04,GWLC,20.25,20.62,19.7,20.0,80500
440474,2018-07-05,GWLC,20.3,20.5,19.9,20.05,260000
440932,2018-07-06,GWLC,19.6,20.24,19.45,19.8,35500
441397,2018-07-09,GWLC,19.53,19.53,18.8,18.8,190500
441863,2018-07-10,GWLC,19.0,19.14,18.0,18.38,113000
442344,2018-07-11,GWLC,18.85,18.98,18.5,18.56,28500
442810,2018-07-12,GWLC,18.8,18.99,18.66,18.93,21000
443275,2018-07-13,GWLC,19.44,19.5,19.3,19.38,12500
443752,2018-07-17,GWLC,18.3,19.0,18.3,18.78,118000
444251,2018-07-18,GWLC,19.0,19.46,18.85,19.39,122000
444769,2018-07-19,GWLC,19.49,20.2,19.26,19.99,341000
445255,2018-07-20,GWLC,19.71,19.87,19.01,19.11,99500
445722,2018-07-23,GWLC,19.4,19.4,18.82,19.0,39500
446265,2018-07-24,GWLC,19.5,20.0,19.2,20.0,157500
446808,2018-07-26,GWLC,20.87,20.9,20.25,20.78,276000
447343,2018-07-27,GWLC,20.55,21.81,20.55,21.81,256000
447906,2018-07-30,GWLC,22.45,22.9,22.4,22.9,269000
448412,2018-07-31,GWLC,23.5,23.5,22.2,22.47,299500
448920,2018-08-01,GWLC,22.6,23.38,22.01,23.06,139500
449420,2018-08-02,GWLC,23.0,24.21,22.7,22.93,639000
449919,2018-08-03,GWLC,23.17,23.29,22.77,22.8,42500
450410,2018-08-06,GWLC,23.0,23.23,22.9,23.0,49500
450906,2018-08-07,GWLC,23.5,23.79,23.0,23.52,108000
451394,2018-08-08,GWLC,23.5,23.7,22.7,22.8,227000
451904,2018-08-09,GWLC,22.99,23.5,22.7,23.41,141000
452416,2018-08-10,GWLC,23.2,23.5,22.51,22.57,188000
452912,2018-08-13,GWLC,22.5,22.6,22.0,22.21,68500
453392,2018-08-15,GWLC,21.25,21.9,21.1,21.1,581500
453884,2018-08-16,GWLC,21.49,21.49,20.4,20.57,130000
454382,2018-08-17,GWLC,20.99,21.5,20.65,21.49,71000
454859,2018-08-20,GWLC,21.99,21.99,21.52,21.66,62500
455328,2018-08-24,GWLC,21.75,21.9,21.4,21.85,17000
455818,2018-08-27,GWLC,21.83,22.0,21.36,21.67,107500
456370,2018-08-28,GWLC,21.36,21.85,21.22,21.32,36500
456931,2018-08-29,GWLC,21.99,21.99,21.2,21.32,40500
457480,2018-08-30,GWLC,21.11,21.11,20.7,20.89,86500
458032,2018-08-31,GWLC,21.24,21.24,20.52,20.64,38500
458568,2018-09-04,GWLC,20.99,21.28,20.66,21.08,10500
459059,2018-09-05,GWLC,20.8,20.8,20.03,20.17,125500
459550,2018-09-06,GWLC,20.0,20.37,19.65,19.69,50500
460041,2018-09-07,GWLC,19.5,20.2,19.25,19.44,29500
460529,2018-09-10,GWLC,19.05,19.75,18.7,19.19,249500
461014,2018-09-11,GWLC,19.88,19.88,19.55,19.55,3500
461489,2018-09-12,GWLC,19.65,19.65,19.19,19.35,2500
461980,2018-09-13,GWLC,19.2,19.75,19.2,19.64,39500
462466,2018-09-14,GWLC,19.99,20.37,19.61,19.68,94500
462944,2018-09-17,GWLC,19.26,19.58,19.01,19.02,19500
463432,2018-09-18,GWLC,18.95,19.95,18.91,19.86,62500
463906,2018-09-19,GWLC,19.7,20.0,19.65,19.9,17500
464396,2018-09-24,GWLC,20.0,20.0,19.0,19.0,49000
464934,2018-09-25,GWLC,18.8,19.0,18.6,18.91,31500
465475,2018-09-26,GWLC,19.3,19.8,19.15,19.18,35500
466019,2018-09-27,GWLC,19.01,19.5,19.0,19.35,23000
466565,2018-09-28,GWLC,19.11,19.49,19.0,19.12,46000
467107,2018-10-01,GWLC,18.95,19.0,18.66,18.96,19000
467581,2018-10-02,GWLC,19.64,19.96,19.0,19.06,159000
468066,2018-10-03,GWLC,18.8,19.25,18.8,19.06,74000
468541,2018-10-04,GWLC,19.0,19.46,18.85,19.15,236500
469025,2018-10-05,GWLC,19.0,19.0,18.15,18.33,89500
469530,2018-10-08,GWLC,18.23,18.26,17.33,17.34,133500
470042,2018-10-09,GWLC,18.33,18.34,17.35,17.37,50500
470541,2018-10-10,GWLC,17.04,18.0,16.57,17.74,70500
471024,2018-10-11,GWLC,17.99,18.1,17.55,17.6,174500
471517,2018-10-12,GWLC,17.5,17.5,17.0,17.01,101500
472005,2018-10-15,GWLC,17.0,17.0,16.05,16.48,362000
472505,2018-10-16,GWLC,17.0,17.3,17.0,17.0,122500
473008,2018-10-17,GWLC,17.0,18.0,17.0,17.99,296000
473505,2018-10-18,GWLC,17.0,17.0,16.3,16.89,81500
474019,2018-10-19,GWLC,16.45,17.55,16.03,17.42,90500
474532,2018-10-22,GWLC,17.12,18.25,17.12,17.56,156500
475085,2018-10-23,GWLC,17.55,17.55,17.0,17.11,52000
475674,2018-10-24,GWLC,17.69,18.11,17.69,18.11,86500
476258,2018-10-25,GWLC,18.5,18.73,17.69,17.74,172500
476834,2018-10-26,GWLC,17.51,18.45,17.5,18.27,206500
477430,2018-10-29,GWLC,18.77,19.27,18.7,19.27,585000
477953,2018-10-30,GWLC,19.88,19.88,18.5,19.09,308500
478475,2018-10-31,GWLC,18.85,19.32,18.85,18.89,126500
478984,2018-11-01,GWLC,19.05,19.25,18.7,18.78,59000
479491,2018-11-05,GWLC,19.45,19.45,18.6,18.98,78500
479979,2018-11-06,GWLC,19.24,19.24,18.02,18.36,103000
480484,2018-11-07,GWLC,18.99,19.0,18.51,18.94,27000
480981,2018-11-08,GWLC,18.64,19.05,18.64,18.9,124500
481482,2018-11-09,GWLC,18.55,19.15,18.55,18.97,82500
481979,2018-11-12,GWLC,19.0,19.0,18.62,18.75,23000
482480,2018-11-13,GWLC,18.5,18.92,18.5,18.89,51000
482982,2018-11-14,GWLC,19.0,19.49,18.9,18.98,133000
483502,2018-11-15,GWLC,19.14,19.39,19.06,19.08,33500
484010,2018-11-16,GWLC,19.33,19.4,19.05,19.16,53500
484500,2018-11-19,GWLC,19.24,19.24,18.54,18.66,74000
485009,2018-11-20,GWLC,18.95,19.37,18.86,19.0,33000
485501,2018-11-22,GWLC,19.1,19.51,18.61,18.79,142000
485991,2018-11-23,GWLC,18.55,19.0,18.3,18.86,53500
486476,2018-11-26,GWLC,18.99,19.0,18.62,18.62,19000
487030,2018-11-27,GWLC,18.5,18.5,18.03,18.24,39500
487586,2018-11-28,GWLC,18.22,18.45,18.15,18.28,14500
488118,2018-11-29,GWLC,18.25,18.35,18.0,18.23,45500
488670,2018-11-30,GWLC,18.03,18.15,17.85,18.01,95000
489229,2018-12-03,GWLC,17.5,17.85,17.06,17.6,47500
489723,2018-12-04,GWLC,17.49,17.75,17.3,17.73,14000
490222,2018-12-05,GWLC,17.35,17.55,17.25,17.3,22000
490712,2018-12-06,GWLC,17.01,17.3,17.0,17.06,82500
491207,2018-12-07,GWLC,17.0,17.47,17.0,17.37,78500
491697,2018-12-10,GWLC,17.49,17.9,17.25,17.35,41000
492180,2018-12-11,GWLC,17.25,17.75,17.1,17.17,64000
492664,2018-12-12,GWLC,17.1,17.1,16.9,17.0,38500
493145,2018-12-13,GWLC,17.01,17.01,16.6,16.97,21500
493624,2018-12-14,GWLC,17.0,17.0,16.82,17.0,22500
494081,2018-12-17,GWLC,16.65,16.65,16.05,16.24,52000
494528,2018-12-18,GWLC,16.48,16.49,16.11,16.23,8500
495010,2018-12-19,GWLC,16.2,16.36,16.0,16.19,46500
495485,2018-12-20,GWLC,16.19,16.47,16.19,16.22,13500
495961,2018-12-21,GWLC,16.0,16.3,15.91,16.1,9500
496421,2018-12-24,GWLC,16.25,16.5,16.0,16.3,14000
496948,2018-12-26,GWLC,16.3,16.3,16.01,16.07,11000
497484,2018-12-27,GWLC,16.02,16.24,16.0,16.12,143000
498023,2018-12-28,GWLC,15.75,15.99,15.7,15.7,7500
498567,2018-12-31,GWLC,15.8,15.8,15.8,15.8,1000
499041,2019-01-01,GWLC,15.52,16.27,15.52,16.12,147000
499518,2019-01-02,GWLC,16.05,16.15,15.65,15.71,47000
499983,2019-01-03,GWLC,15.75,15.75,15.5,15.7,20000
500435,2019-01-04,GWLC,15.0,15.42,15.0,15.28,19000
500898,2019-01-07,GWLC,15.5,15.65,15.35,15.43,97500
501391,2019-01-08,GWLC,15.7,15.84,15.5,15.78,50500
501877,2019-01-09,GWLC,15.8,16.18,15.8,16.05,107500
502356,2019-01-10,GWLC,16.29,16.4,16.0,16.04,22500
502833,2019-01-11,GWLC,15.75,17.04,15.75,16.83,67000
503322,2019-01-14,GWLC,17.09,17.8,17.0,17.0,66000
503808,2019-01-15,GWLC,17.2,17.2,16.77,17.0,12500
504280,2019-01-16,GWLC,17.0,17.0,16.71,16.71,5000
504749,2019-01-17,GWLC,16.51,16.75,16.5,16.75,15000
505222,2019-01-18,GWLC,16.21,16.75,15.81,16.58,5000
505696,2019-01-21,GWLC,16.55,16.6,16.4,16.6,9000
506230,2019-01-22,GWLC,16.35,16.79,16.35,16.79,12000
506781,2019-01-23,GWLC,16.55,16.99,16.55,16.6,25000
507324,2019-01-24,GWLC,16.99,16.99,16.4,16.49,34500
507853,2019-01-25,GWLC,16.32,16.35,16.0,16.21,30000
508367,2019-01-28,GWLC,16.3,16.68,16.3,16.64,19000
508836,2019-01-29,GWLC,16.31,16.94,16.31,16.87,48000
509322,2019-01-30,GWLC,16.7,16.92,16.52,16.75,9000
509818,2019-01-31,GWLC,16.8,17.0,16.63,16.84,39500
510310,2019-02-01,GWLC,16.61,17.0,16.51,16.91,39500
510804,2019-02-04,GWLC,17.25,17.75,17.25,17.53,205000
511305,2019-02-06,GWLC,17.75,17.9,17.16,17.17,41000
511799,2019-02-07,GWLC,17.16,17.74,17.06,17.06,37500
512272,2019-02-08,GWLC,17.04,17.25,17.0,17.04,46000
512745,2019-02-11,GWLC,17.25,17.25,16.8,16.85,12500
513208,2019-02-12,GWLC,16.95,17.2,16.95,17.08,26500
513689,2019-02-13,GWLC,17.1,17.2,16.9,17.2,6500
514153,2019-02-14,GWLC,17.2,17.2,16.71,16.8,9500
514603,2019-02-15,GWLC,16.8,17.2,16.62,17.2,6000
515063,2019-02-18,GWLC,16.72,16.72,16.31,16.36,16000
515575,2019-02-19,GWLC,16.35,16.5,16.3,16.33,5000
516098,2019-02-20,GWLC,16.6,16.6,16.1,16.1,16000
516617,2019-02-21,GWLC,16.5,16.5,15.65,15.8,2500
517122,2019-02-22,GWLC,16.1,16.25,16.0,16.1,5000
517656,2019-02-25,GWLC,16.24,16.25,16.24,16.25,6000
518142,2019-02-26,GWLC,16.1,16.15,15.41,15.93,60500
518647,2019-02-27,GWLC,15.41,15.5,15.01,15.17,195000
519148,2019-02-28,GWLC,15.6,16.17,15.5,16.17,174000
519641,2019-03-01,GWLC,16.5,16.7,16.1,16.24,48000
520122,2019-03-04,GWLC,16.0,16.0,15.53,15.99,43500
520614,2019-03-05,GWLC,16.0,16.49,15.9,15.9,4500
521116,2019-03-06,GWLC,16.0,16.0,15.52,15.68,77000
521606,2019-03-07,GWLC,15.7,15.94,15.45,15.45,52500
522090,2019-03-08,GWLC,15.2,15.5,15.2,15.5,2000
522571,2019-03-11,GWLC,15.52,15.7,15.4,15.4,15000
523052,2019-03-12,GWLC,15.3,15.45,15.0,15.24,25000
523525,2019-03-13,GWLC,15.11,15.27,14.24,14.24,1510500
523993,2019-03-14,GWLC,14.25,14.95,13.3,14.64,2867000
524469,2019-03-15,GWLC,14.55,14.55,13.64,13.69,353500
524935,2019-03-18,GWLC,13.7,14.2,13.4,14.11,179000
525402,2019-03-19,GWLC,14.0,14.0,13.65,13.75,53500
525872,2019-03-20,GWLC,13.7,13.8,13.42,13.58,114000
526354,2019-03-21,GWLC,13.5,14.0,13.36,13.71,98000
526824,2019-03-22,GWLC,13.53,13.69,13.5,13.55,29500
527284,2019-03-25,GWLC,13.5,13.5,13.22,13.28,63500
527825,2019-03-26,GWLC,13.11,13.4,13.08,13.23,147500
528361,2019-03-27,GWLC,13.2,13.77,13.2,13.64,254000
528903,2019-03-28,GWLC,13.51,13.51,13.0,13.28,267000
529426,2019-03-29,GWLC,13.28,13.69,13.2,13.43,208500
529945,2019-04-01,GWLC,13.4,13.4,13.13,13.2,125000
530409,2019-04-02,GWLC,13.48,13.48,13.0,13.19,99500
530884,2019-04-03,GWLC,13.33,13.35,13.2,13.26,46500
531364,2019-04-04,GWLC,13.1,13.35,12.93,12.93,39500
531838,2019-04-05,GWLC,13.0,13.2,12.9,13.0,64000
532308,2019-04-08,GWLC,13.0,13.1,12.5,12.7,49500
532799,2019-04-09,GWLC,12.51,12.7,12.2,12.39,198500
533293,2019-04-10,GWLC,12.27,12.49,11.5,11.53,83500
533776,2019-04-11,GWLC,11.12,11.85,11.12,11.7,50500
534257,2019-04-12,GWLC,11.55,12.7,11.55,12.56,75000
534744,2019-04-15,GWLC,12.88,13.0,12.5,12.63,132500
535227,2019-04-16,GWLC,12.53,13.0,12.53,12.89,44500
535716,2019-04-17,GWLC,12.9,12.9,12.2,12.32,48000
536191,2019-04-18,GWLC,12.25,12.5,11.8,12.0,118000
536657,2019-04-19,GWLC,12.01,12.5,12.0,12.05,142500
537113,2019-04-22,GWLC,11.95,12.35,11.93,11.99,86000
537624,2019-04-23,GWLC,11.65,12.0,11.0,11.77,73500
538159,2019-04-24,GWLC,11.9,12.0,11.0,11.34,142500
538699,2019-04-25,GWLC,11.5,11.5,10.93,11.04,295500
539229,2019-04-26,GWLC,11.57,12.04,11.35,12.04,261500
539777,2019-04-29,GWLC,12.68,12.9,12.0,12.01,222500
540252,2019-04-30,GWLC,12.25,12.25,11.8,11.99,39000
540726,2019-05-02,GWLC,12.0,12.08,11.7,11.8,31000
541187,2019-05-03,GWLC,11.75,11.75,11.5,11.5,50500
541654,2019-05-06,GWLC,11.4,11.9,11.11,11.28,157500
542100,2019-05-07,GWLC,11.35,11.6,11.25,11.28,129000
542548,2019-05-08,GWLC,11.28,11.28,10.71,10.87,90000
543006,2019-05-09,GWLC,11.39,11.39,11.1,11.25,78500
543445,2019-05-10,GWLC,11.41,11.5,11.2,11.24,18000
543906,2019-05-13,GWLC,11.9,11.9,10.24,10.25,125000
544375,2019-05-14,GWLC,10.35,10.35,9.9,9.94,95500
544833,2019-05-15,GWLC,9.8,10.5,9.61,10.37,119500
545303,2019-05-16,GWLC,9.9,9.9,9.41,9.46,166500
545769,2019-05-17,GWLC,8.95,9.25,8.85,9.01,25000
546254,2019-05-20,GWLC,9.06,10.01,8.01,9.56,166500
546731,2019-05-21,GWLC,9.98,10.2,9.3,10.1,60000
547217,2019-05-22,GWLC,10.4,11.1,10.4,11.1,74000
547715,2019-05-23,GWLC,11.4,11.77,11.4,11.64,101000
548187,2019-05-24,GWLC,11.9,11.95,11.4,11.92,123500
548659,2019-05-27,GWLC,12.09,12.09,11.49,11.75,10500
549192,2019-05-28,GWLC,11.1,11.55,10.82,11.3,40000
549727,2019-05-29,GWLC,11.5,12.3,11.5,11.71,105000
550255,2019-05-30,GWLC,11.55,11.84,11.0,11.5,34000
550767,2019-06-03,GWLC,11.49,11.49,11.25,11.25,4000
551226,2019-06-10,GWLC,10.5,11.0,10.4,10.4,4000
551680,2019-06-11,GWLC,10.05,10.95,10.05,10.5,11000
552143,2019-06-12,GWLC,11.35,11.4,10.75,10.99,98500
552628,2019-06-13,GWLC,11.49,11.49,11.0,11.13,155000
553112,2019-06-14,GWLC,10.8,11.94,10.8,11.72,300500
553600,2019-06-17,GWLC,11.5,11.74,11.48,11.5,60500
554073,2019-06-18,GWLC,11.11,11.5,11.11,11.29,19000
554531,2019-06-19,GWLC,11.35,11.7,11.3,11.7,7000
555012,2019-06-20,GWLC,11.5,11.7,11.5,11.52,80000
555480,2019-06-21,GWLC,11.1,11.89,11.1,11.67,17000
555949,2019-06-24,GWLC,11.05,11.05,10.67,10.71,120500
556488,2019-06-25,GWLC,10.55,10.89,10.5,10.89,10500
557044,2019-06-26,GWLC,10.6,10.6,10.0,10.2,85000
557585,2019-06-27,GWLC,10.65,10.65,10.4,10.5,10500
558129,2019-06-28,GWLC,10.5,10.5,9.7,10.36,62000
558648,2019-07-02,GWLC,10.4,10.47,10.4,10.45,4500
559102,2019-07-03,GWLC,10.99,10.99,10.6,10.79,95500
559571,2019-07-04,GWLC,11.0,11.0,10.25,10.27,114000
560013,2019-07-05,GWLC,10.25,10.63,10.2,10.2,56000
560454,2019-07-08,GWLC,10.0,10.0,9.9,9.98,23000
560901,2019-07-09,GWLC,10.0,10.0,9.8,10.0,25500
561784,2019-07-11,GWLC,10.01,10.1,10.0,10.0,7500
562228,2019-07-12,GWLC,9.95,9.95,9.76,9.87,4000
562677,2019-07-15,GWLC,9.7,9.7,9.25,9.25,7500
563131,2019-07-16,GWLC,9.25,9.87,9.25,9.51,16500
563578,2019-07-17,GWLC,9.65,9.9,9.5,9.85,22500
564032,2019-07-18,GWLC,9.8,9.83,8.85,8.87,106000
564479,2019-07-19,GWLC,8.16,9.44,8.16,9.01,4500
564929,2019-07-22,GWLC,0.0,8.81,8.81,9.01,500
565449,2019-07-23,GWLC,8.65,9.49,8.65,9.45,13500
565963,2019-07-24,GWLC,9.2,9.2,9.1,9.1,12000
566472,2019-07-25,GWLC,8.86,9.1,8.86,9.1,8000
566981,2019-07-26,GWLC,8.86,8.9,8.8,8.8,8500
567490,2019-07-29,GWLC,8.5,8.5,8.27,8.36,3000
567931,2019-07-30,GWLC,8.7,8.75,8.5,8.71,137000
568380,2019-07-31,GWLC,8.8,9.1,8.0,8.19,73500
568824,2019-08-02,GWLC,8.7,8.99,8.3,8.43,71500
569267,2019-08-05,GWLC,8.5,8.7,8.5,8.58,40500
569718,2019-08-06,GWLC,8.5,8.5,8.2,8.2,15000
570161,2019-08-07,GWLC,8.49,8.5,8.13,8.44,15500
570611,2019-08-08,GWLC,8.2,8.62,8.2,8.45,34000
571065,2019-08-09,GWLC,8.51,8.75,8.04,8.22,16000
571502,2019-08-16,GWLC,8.5,8.5,8.15,8.27,12000
571958,2019-08-19,GWLC,8.75,9.0,8.75,8.81,10000
572449,2019-08-20,GWLC,9.45,9.45,8.83,8.83,40500
572928,2019-08-21,GWLC,9.0,9.25,8.85,9.15,17000
573419,2019-08-22,GWLC,9.05,10.15,9.05,10.14,1139000
573911,2019-08-23,GWLC,10.44,10.75,9.75,9.91,319000
574377,2019-08-26,GWLC,9.99,10.0,9.41,9.7,66000
574895,2019-08-27,GWLC,9.7,10.24,9.51,10.19,20000
575406,2019-08-28,GWLC,10.2,10.2,9.71,9.81,153000
575933,2019-08-29,GWLC,9.53,9.53,9.3,9.41,19000
576440,2019-08-30,GWLC,9.6,10.39,9.4,10.27,211000
576945,2019-09-02,GWLC,11.0,11.27,9.27,9.27,341000
577393,2019-09-03,GWLC,9.02,9.9,8.8,9.48,108000
577838,2019-09-04,GWLC,9.08,9.64,9.0,9.12,179500
578288,2019-09-05,GWLC,9.2,9.24,8.7,8.72,224000
578718,2019-09-06,GWLC,8.72,8.72,8.72,8.72,500
579155,2019-09-11,GWLC,8.76,8.77,8.5,8.5,68500
579621,2019-09-12,GWLC,8.52,8.9,8.51,8.74,171000
580069,2019-09-13,GWLC,8.6,8.98,8.5,8.56,64500
580529,2019-09-16,GWLC,8.71,8.8,8.62,8.8,9500
580997,2019-09-17,GWLC,8.79,8.99,8.79,8.9,67000
581474,2019-09-18,GWLC,8.97,9.0,8.76,8.8,40000
581938,2019-09-19,GWLC,8.81,8.9,8.72,8.78,44000
582399,2019-09-20,GWLC,8.78,9.0,8.7,8.75,85500
582856,2019-09-23,GWLC,8.75,8.75,8.5,8.5,53000
583366,2019-09-24,GWLC,8.5,8.52,8.5,8.52,42000
583886,2019-09-25,GWLC,8.5,8.8,8.25,8.33,32500
584409,2019-09-26,GWLC,8.5,8.6,8.45,8.45,4500
584918,2019-09-27,GWLC,8.01,8.72,8.01,8.51,18000
585442,2019-09-30,GWLC,8.6,8.6,8.4,8.42,12500
585915,2019-10-01,GWLC,8.7,9.05,8.5,8.9,84500
586398,2019-10-02,GWLC,9.0,9.5,8.85,9.34,170000
586877,2019-10-03,GWLC,9.0,10.25,9.0,10.04,314500
587378,2019-10-04,GWLC,10.39,10.44,10.0,10.06,122000
587893,2019-10-07,GWLC,10.1,10.55,10.1,10.22,350000
588409,2019-10-08,GWLC,10.25,10.25,9.72,9.85,93500
588899,2019-10-09,GWLC,9.68,9.84,9.45,9.8,102500
589413,2019-10-10,GWLC,9.98,10.25,9.85,10.13,160500
589907,2019-10-14,GWLC,10.2,10.3,10.01,10.07,89500
590388,2019-10-15,GWLC,10.29,10.29,9.9,10.0,82000
590884,2019-10-16,GWLC,10.25,10.33,9.9,10.14,132000
591364,2019-10-17,GWLC,10.0,10.0,9.7,9.7,60000
591837,2019-10-18,GWLC,9.9,9.94,9.75,9.9,14000
592302,2019-10-21,GWLC,9.8,9.8,9.01,9.06,44500
592819,2019-10-22,GWLC,9.0,9.35,8.82,9.0,37000
593322,2019-10-23,GWLC,9.2,9.38,9.0,9.1,31500
593838,2019-10-24,GWLC,9.1,9.3,8.6,8.71,321000
594352,2019-10-25,GWLC,8.94,8.94,8.7,8.86,9500
594877,2019-10-28,GWLC,8.72,9.5,8.72,9.31,111000
595343,2019-10-29,GWLC,9.1,9.65,9.1,9.45,93500
595811,2019-10-30,GWLC,9.05,9.5,9.05,9.22,29500
596283,2019-10-31,GWLC,9.45,9.65,9.4,9.55,145000
596760,2019-11-01,GWLC,9.4,9.85,9.4,9.68,152500
597236,2019-11-04,GWLC,9.85,10.1,9.84,10.02,457000
597729,2019-11-05,GWLC,10.2,10.22,9.7,9.81,90500
598225,2019-11-06,GWLC,10.25,10.65,9.96,10.28,2066500
598714,2019-11-07,GWLC,10.35,10.45,9.94,10.1,274000
599206,2019-11-08,GWLC,10.45,10.45,9.83,9.88,589000
599698,2019-11-11,GWLC,10.19,10.4,10.0,10.23,512000
600207,2019-11-12,GWLC,10.56,11.0,10.42,10.83,2745500
600709,2019-11-13,GWLC,10.8,11.59,10.65,11.23,3263000
601217,2019-11-14,GWLC,11.38,11.68,11.01,11.13,1010500
601740,2019-11-15,GWLC,11.35,11.7,11.25,11.63,1062500
602265,2019-11-18,GWLC,11.95,12.2,11.75,12.03,1490000
602785,2019-11-19,GWLC,12.11,12.55,11.65,12.02,1149500
603291,2019-11-20,GWLC,11.81,11.95,11.35,11.42,584000
603797,2019-11-21,GWLC,11.2,12.1,11.2,11.83,2407000
604292,2019-11-22,GWLC,11.75,12.83,11.75,12.83,1371500
604794,2019-11-25,GWLC,13.83,13.83,13.5,13.83,547500
605341,2019-11-26,GWLC,14.5,14.55,12.84,13.41,3695000
605882,2019-11-27,GWLC,13.87,14.41,13.28,14.21,1428000
606435,2019-11-28,GWLC,14.25,15.21,14.25,15.21,1601500
607009,2019-11-29,GWLC,15.59,16.21,15.4,16.21,1810500
607599,2019-12-02,GWLC,16.89,17.19,16.15,16.22,2409000
608117,2019-12-03,GWLC,16.3,16.5,15.25,15.47,763500
608634,2019-12-04,GWLC,15.03,15.75,14.81,15.51,1202500
609159,2019-12-05,GWLC,15.5,16.0,15.27,15.6,1737000
609667,2019-12-06,GWLC,15.35,15.75,15.0,15.1,679500
610169,2019-12-09,GWLC,15.1,15.39,14.3,14.39,675500
610672,2019-12-10,GWLC,14.44,14.75,14.05,14.53,188000
611169,2019-12-11,GWLC,14.53,15.0,14.41,14.47,327000
611656,2019-12-12,GWLC,14.65,14.65,14.15,14.3,119500
612169,2019-12-16,GWLC,14.3,14.69,14.25,14.39,109500
612668,2019-12-17,GWLC,14.34,14.52,13.8,13.91,364500
613159,2019-12-18,GWLC,13.91,14.75,13.4,14.4,484500
613644,2019-12-19,GWLC,14.44,14.9,13.9,13.93,190500
614105,2019-12-20,GWLC,14.47,14.47,13.66,13.93,42500
614578,2019-12-23,GWLC,14.0,14.2,13.71,13.9,58500
615092,2019-12-24,GWLC,13.75,13.9,13.2,13.88,48500
615625,2019-12-26,GWLC,14.0,14.48,13.8,14.21,64000
616162,2019-12-27,GWLC,14.02,14.47,13.5,13.6,145000
616685,2020-01-01,GWLC,13.8,14.1,13.5,13.98,237500
617179,2020-01-02,GWLC,13.81,14.48,13.8,14.04,226000
617665,2020-01-03,GWLC,14.2,14.35,13.66,13.82,108000
618141,2020-01-06,GWLC,13.78,13.78,12.82,12.88,475000
618618,2020-01-07,GWLC,13.15,13.25,12.88,13.16,44500
619091,2020-01-08,GWLC,12.7,13.0,12.3,12.62,237000
619585,2020-01-09,GWLC,13.01,13.35,13.0,13.13,565500
620075,2020-01-10,GWLC,13.03,13.5,13.0,13.33,455000
620560,2020-01-13,GWLC,13.4,13.5,12.98,13.04,351500
621045,2020-01-14,GWLC,13.29,13.4,13.0,13.05,66000
621537,2020-01-15,GWLC,13.1,13.6,13.01,13.42,504500
622014,2020-01-16,GWLC,13.3,13.45,13.0,13.02,387500
622492,2020-01-17,GWLC,12.85,13.25,12.85,12.96,132000
622967,2020-01-20,GWLC,12.98,12.98,12.6,12.68,102500
623439,2020-01-21,GWLC,12.79,12.89,12.62,12.81,40000
623902,2020-01-22,GWLC,12.8,13.09,12.6,12.85,119000
624386,2020-01-23,GWLC,13.0,13.5,12.8,12.83,570500
624859,2020-01-27,GWLC,13.15,13.6,13.05,13.32,447000
625382,2020-01-28,GWLC,13.1,13.7,13.1,13.45,171000
625912,2020-01-29,GWLC,13.25,13.3,13.0,13.06,110000
626434,2020-01-30,GWLC,13.0,13.23,13.0,13.1,42000
626948,2020-01-31,GWLC,13.11,13.19,12.9,12.94,54500
627466,2020-02-03,GWLC,12.7,12.7,12.26,12.56,226500
627938,2020-02-04,GWLC,12.42,12.73,12.4,12.72,21000
628407,2020-02-06,GWLC,12.65,12.7,12.41,12.65,30000
628875,2020-02-07,GWLC,12.41,12.9,12.25,12.31,90500
629354,2020-02-10,GWLC,12.01,12.01,11.31,11.36,149500
629818,2020-02-11,GWLC,11.21,11.66,11.21,11.63,68500
630293,2020-02-12,GWLC,11.8,12.19,11.6,12.1,72500
630754,2020-02-13,GWLC,11.71,12.3,11.71,12.01,27000
631208,2020-02-14,GWLC,11.99,11.99,11.5,11.8,46000
631654,2020-02-17,GWLC,11.51,11.7,11.5,11.52,41000
632099,2020-02-18,GWLC,11.52,11.6,11.5,11.5,30500
632558,2020-02-19,GWLC,11.75,12.12,11.75,12.08,90000
633007,2020-02-20,GWLC,11.99,12.01,11.7,11.95,42500
633454,2020-02-21,GWLC,11.55,11.93,11.55,11.89,16000
633916,2020-02-24,GWLC,11.52,11.53,11.01,11.03,122500
634432,2020-02-25,GWLC,10.81,11.2,10.75,10.8,61500
634947,2020-02-26,GWLC,10.61,11.39,10.46,11.15,86500
635474,2020-02-27,GWLC,11.0,12.15,10.65,12.03,821500
636008,2020-03-02,GWLC,12.5,13.38,12.05,13.38,1231000
636497,2020-03-03,GWLC,13.61,14.38,13.61,14.19,1159500
636974,2020-03-04,GWLC,13.86,15.19,13.85,15.17,1295500
637460,2020-03-05,GWLC,15.18,16.23,15.18,16.23,1051000
637943,2020-03-06,GWLC,16.3,17.36,15.51,16.22,3536500
638419,2020-03-09,GWLC,15.25,17.35,15.09,17.35,1668000
638901,2020-03-10,GWLC,18.13,18.56,16.24,17.11,3411000
639381,2020-03-11,GWLC,16.75,17.4,15.92,16.04,1191000
639835,2020-03-12,GWLC,15.75,16.45,15.0,15.35,812500
640304,2020-03-13,GWLC,14.55,16.42,14.5,16.09,974500
640774,2020-03-16,GWLC,15.62,15.88,14.89,14.89,511500
641244,2020-03-17,GWLC,14.89,15.6,14.41,14.78,555000
641730,2020-03-18,GWLC,14.81,14.81,13.68,13.68,146500
642209,2020-03-19,GWLC,12.66,13.98,12.66,12.66,410500
642678,2020-03-20,GWLC,12.0,13.0,11.72,12.66,344500
643097,2020-03-24,GWLC,11.66,11.66,11.66,11.66,31000
643561,2020-03-25,GWLC,11.61,12.6,11.0,11.48,180000
644066,2020-03-26,GWLC,12.28,12.48,11.1,11.7,424000
644564,2020-03-27,GWLC,11.7,12.7,11.27,12.68,302500
645058,2020-04-01,GWLC,13.95,14.0,13.5,13.55,142500
645552,2020-04-02,GWLC,13.16,14.56,13.0,14.54,434500
646027,2020-04-03,GWLC,14.98,15.34,14.6,14.84,431000
646500,2020-04-06,GWLC,15.25,15.25,13.73,13.74,565000
646964,2020-04-07,GWLC,13.75,14.77,13.5,14.35,1835500
647431,2020-04-08,GWLC,14.5,14.95,13.6,14.17,248000
647901,2020-04-09,GWLC,14.6,15.0,14.35,14.57,346000
648363,2020-04-10,GWLC,14.15,15.2,14.15,14.96,958000
648835,2020-04-13,GWLC,14.51,15.6,14.5,15.34,445000
649297,2020-04-14,GWLC,15.34,15.8,14.5,15.14,191500
649771,2020-04-15,GWLC,15.15,16.19,15.15,15.65,621500
650253,2020-04-16,GWLC,15.52,16.0,15.5,15.85,97000
650734,2020-04-17,GWLC,16.8,17.03,16.8,17.03,1006500
651240,2020-04-20,GWLC,17.9,17.9,16.5,17.67,607500
651770,2020-04-21,GWLC,17.0,17.7,16.51,16.82,365000
652292,2020-04-22,GWLC,17.35,18.08,17.0,17.8,1435500
652810,2020-04-23,GWLC,18.47,18.5,17.55,17.88,273000
653328,2020-04-24,GWLC,17.59,17.98,17.35,17.89,114000
653844,2020-04-27,GWLC,17.0,17.39,16.8,17.11,76000
654303,2020-04-28,GWLC,17.12,17.8,17.12,17.6,63000
654777,2020-04-29,GWLC,17.75,18.2,17.75,18.14,178500
655267,2020-04-30,GWLC,18.49,18.95,18.35,18.82,484000
655762,2020-05-04,GWLC,18.59,18.6,18.0,18.04,173000
656248,2020-05-05,GWLC,18.35,18.65,18.15,18.27,292500
656734,2020-05-06,GWLC,18.4,18.4,18.0,18.01,171500
657209,2020-05-07,GWLC,17.95,17.95,17.0,17.37,97500
657683,2020-05-08,GWLC,17.69,17.7,17.02,17.41,17500
658153,2020-05-11,GWLC,17.25,17.48,17.0,17.31,6500
658621,2020-05-12,GWLC,17.94,17.95,17.5,17.61,448500
659098,2020-05-13,GWLC,17.49,17.5,17.01,17.28,271500
659588,2020-05-14,GWLC,17.7,17.7,16.6,17.3,74500
660065,2020-05-15,GWLC,17.2,17.5,17.11,17.39,117500
660542,2020-05-18,GWLC,17.5,17.5,16.95,16.95,16500
661029,2020-05-19,GWLC,17.0,17.0,16.75,16.81,69000
661511,2020-05-20,GWLC,17.0,17.0,16.6,16.73,19000
661987,2020-05-21,GWLC,16.75,16.75,16.41,16.47,7000
662462,2020-05-28,GWLC,16.46,16.46,15.99,16.04,40500
662985,2020-05-29,GWLC,16.0,16.98,16.0,16.7,154000
663527,2020-06-01,GWLC,16.51,17.22,16.5,16.89,23000
664023,2020-06-02,GWLC,16.8,17.0,16.62,16.81,16500
664531,2020-06-03,GWLC,16.31,16.64,16.11,16.31,27500
665015,2020-06-04,GWLC,16.1,16.29,15.86,15.93,49500
665492,2020-06-05,GWLC,15.56,16.9,15.56,16.41,77000
665974,2020-06-08,GWLC,16.25,16.99,16.2,16.7,38000
666469,2020-06-09,GWLC,16.7,16.7,15.91,16.0,213000
666980,2020-06-10,GWLC,16.0,16.5,16.0,16.35,73000
667496,2020-06-11,GWLC,16.16,16.6,16.06,16.51,99000
667988,2020-06-12,GWLC,16.12,16.5,16.12,16.49,24500
668481,2020-06-15,GWLC,16.01,16.99,15.52,15.79,246500
668996,2020-06-16,GWLC,15.7,16.4,15.48,16.33,41000
669518,2020-06-17,GWLC,15.78,16.02,15.75,15.78,26500
670028,2020-06-18,GWLC,15.51,15.61,15.0,15.13,83000
670507,2020-06-19,GWLC,15.44,15.5,15.0,15.11,54500
