Compound,Negative,Neutral,Positive
-0.6369,0.112,0.856,0.032
-0.9022,0.18,0.779,0.041
-0.9552,0.214,0.738,0.048
-0.969,0.24,0.688,0.072
-0.5945,0.134,0.785,0.081
-0.9924,0.348,0.598,0.054
-0.8979,0.15,0.787,0.064
-0.8316,0.121,0.842,0.037
-0.8176,0.147,0.784,0.069
-0.9081,0.22,0.653,0.127
0.1531,0.09,0.814,0.096
-0.8338,0.2,0.688,0.112
0.9325,0.027,0.822,0.151
0.7311,0.104,0.762,0.134
0.9325,0.027,0.822,0.151
-0.7506,0.188,0.7,0.112
-0.5719,0.102,0.813,0.085
-0.9231,0.158,0.735,0.107
-0.5719,0.102,0.813,0.085
-0.4767,0.119,0.844,0.037
-0.4767,0.119,0.844,0.037
-0.4767,0.119,0.844,0.037
-0.5574,0.151,0.727,0.121
0.1724,0.062,0.861,0.078
-0.8442,0.124,0.834,0.042
-0.7845,0.129,0.815,0.056
-0.9652,0.258,0.719,0.022
-0.9698,0.257,0.677,0.066
-0.9776,0.286,0.714,0.0
-0.9441,0.199,0.729,0.072
-0.9144,0.204,0.649,0.148
-0.4939,0.155,0.722,0.124
0.9022,0.074,0.735,0.19
-0.9643,0.228,0.758,0.014
-0.9423,0.236,0.654,0.109
-0.7845,0.149,0.803,0.048
-0.5859,0.149,0.739,0.112
-0.9274,0.136,0.826,0.038
-0.9545,0.243,0.656,0.101
-0.9432,0.177,0.792,0.031
-0.4871,0.097,0.827,0.076
-0.9451,0.21,0.744,0.045
-0.9246,0.18,0.723,0.097
-0.9109,0.23,0.687,0.082
-0.9723,0.34,0.564,0.096
-0.9704,0.234,0.685,0.081
-0.5994,0.166,0.691,0.144
-0.1779,0.12,0.749,0.131
-0.9571,0.264,0.654,0.083
-0.8519,0.118,0.858,0.023
-0.6908,0.129,0.798,0.073
-0.6908,0.13,0.81,0.06
-0.7845,0.17,0.752,0.078
-0.9382,0.216,0.669,0.115
-0.9337,0.168,0.832,0.0
-0.9773,0.242,0.664,0.094
-0.936,0.181,0.819,0.0
-0.9796,0.29,0.685,0.025
-0.9437,0.173,0.776,0.051
-0.8481,0.134,0.866,0.0
0.0,0.053,0.884,0.064
-0.8481,0.09,0.876,0.034
-0.9796,0.262,0.65,0.088
0.3612,0.099,0.778,0.123
-0.872,0.156,0.747,0.096
-0.872,0.135,0.766,0.098
-0.25,0.111,0.77,0.12
-0.9783,0.338,0.601,0.06
-0.9349,0.176,0.824,0.0
0.3818,0.112,0.771,0.117
-0.7184,0.24,0.76,0.0
-0.3063,0.109,0.783,0.107
-0.9811,0.238,0.656,0.106
0.3818,0.0,0.698,0.302
-0.9811,0.231,0.666,0.103
0.0,0.066,0.867,0.066
0.0,0.066,0.867,0.066
-0.9811,0.25,0.688,0.062
-0.802,0.161,0.707,0.132
-0.9623,0.181,0.7,0.119
-0.8834,0.146,0.799,0.055
0.296,0.092,0.783,0.124
0.6281,0.128,0.701,0.171
-0.9873,0.298,0.652,0.05
0.5423,0.057,0.836,0.107
-0.967,0.246,0.74,0.014
-0.8779,0.154,0.786,0.06
-0.7845,0.121,0.86,0.019
-0.9186,0.22,0.78,0.0
-0.5719,0.062,0.922,0.016
0.2001,0.135,0.72,0.145
-0.7906,0.094,0.88,0.027
-0.9169,0.665,0.335,0.0
-0.8689,0.135,0.82,0.046
-0.9889,0.295,0.643,0.062
-0.8979,0.199,0.758,0.043
-0.9153,0.188,0.744,0.067
-0.9231,0.195,0.734,0.071
-0.875,0.188,0.707,0.105
-0.9871,0.243,0.719,0.038
-0.9423,0.409,0.591,0.0
-0.967,0.236,0.678,0.087
-0.9902,0.242,0.74,0.018
-0.9423,0.24,0.719,0.041
-0.2584,0.225,0.775,0.0
-0.9403,0.25,0.644,0.106
0.05,0.117,0.739,0.144
-0.936,0.14,0.845,0.015
-0.7717,0.163,0.762,0.075
-0.6369,0.142,0.817,0.041
-0.7906,0.218,0.732,0.05
0.7003,0.0,0.721,0.279
-0.9393,0.32,0.68,0.0
-0.6908,0.158,0.842,0.0
-0.9091,0.271,0.642,0.087
-0.8625,0.199,0.779,0.023
0.5719,0.059,0.763,0.178
0.5574,0.042,0.83,0.127
-0.9485,0.409,0.591,0.0
0.4767,0.118,0.633,0.249
0.6908,0.066,0.787,0.147
0.25,0.033,0.911,0.056
0.0258,0.101,0.793,0.106
0.3612,0.151,0.668,0.181
-0.743,0.148,0.852,0.0
-0.4019,0.135,0.766,0.099
-0.3612,0.173,0.669,0.159
-0.6808,0.162,0.786,0.052
0.0772,0.111,0.771,0.118
-0.9337,0.301,0.699,0.0
-0.765,0.167,0.833,0.0
-0.9042,0.32,0.68,0.0
-0.4019,0.085,0.915,0.0
-0.7906,0.251,0.647,0.102
-0.8225,0.272,0.728,0.0
-0.7351,0.193,0.738,0.069
-0.6369,0.172,0.828,0.0
0.1779,0.047,0.872,0.081
0.4215,0.069,0.792,0.139
0.1531,0.045,0.897,0.058
-0.9432,0.403,0.541,0.056
-0.9524,0.449,0.551,0.0
-0.9371,0.321,0.635,0.044
-0.5994,0.159,0.841,0.0
-0.5719,0.162,0.769,0.069
-0.7096,0.144,0.856,0.0
-0.5719,0.153,0.847,0.0
0.128,0.207,0.599,0.195
-0.7845,0.239,0.761,0.0
-0.4497,0.14,0.781,0.079
-0.8179,0.237,0.71,0.054
-0.7845,0.175,0.789,0.035
-0.8225,0.35,0.605,0.045
-0.5994,0.109,0.891,0.0
-0.5574,0.238,0.663,0.099
-0.3818,0.143,0.789,0.067
0.1531,0.051,0.882,0.066
-0.4019,0.15,0.85,0.0
-0.9393,0.311,0.656,0.033
0.5423,0.055,0.764,0.182
0.0,0.0,1.0,0.0
-0.743,0.3,0.7,0.0
0.3182,0.074,0.808,0.118
-0.5106,0.148,0.852,0.0
-0.7579,0.333,0.667,0.0
-0.836,0.194,0.806,0.0
0.0,0.0,1.0,0.0
-0.5423,0.144,0.802,0.054
0.0516,0.119,0.758,0.123
-0.8479,0.236,0.684,0.08
0.4939,0.0,0.882,0.118
-0.8658,0.275,0.665,0.06
-0.2732,0.109,0.804,0.087
0.6808,0.0,0.728,0.272
-0.0772,0.058,0.89,0.052
-0.7579,0.236,0.764,0.0
-0.5994,0.163,0.837,0.0
-0.8402,0.197,0.758,0.045
-0.7184,0.176,0.824,0.0
-0.1027,0.167,0.588,0.245
-0.872,0.271,0.642,0.087
-0.5859,0.127,0.828,0.044
-0.6908,0.189,0.69,0.122
-0.3182,0.073,0.927,0.0
-0.7506,0.239,0.642,0.119
-0.9287,0.245,0.72,0.035
-0.3612,0.08,0.879,0.041
0.4404,0.06,0.803,0.137
-0.1779,0.088,0.846,0.066
-0.9153,0.279,0.721,0.0
-0.8834,0.284,0.716,0.0
-0.8934,0.281,0.719,0.0
-0.8402,0.225,0.775,0.0
-0.1027,0.049,0.951,0.0
-0.967,0.4,0.6,0.0
0.3818,0.068,0.777,0.155
-0.9442,0.365,0.635,0.0
-0.9201,0.322,0.626,0.051
-0.7506,0.244,0.756,0.0
0.0,0.0,1.0,0.0
-0.34,0.146,0.854,0.0
-0.9799,0.338,0.662,0.0
-0.8658,0.236,0.731,0.033
0.2023,0.081,0.812,0.107
0.5789,0.056,0.792,0.152
0.4919,0.0,0.86,0.14
0.4019,0.0,0.828,0.172
-0.6808,0.167,0.792,0.041
0.0,0.0,1.0,0.0
-0.6486,0.104,0.861,0.035
-0.7184,0.287,0.61,0.104
-0.9022,0.252,0.748,0.0
-0.1027,0.131,0.799,0.07
-0.9136,0.321,0.679,0.0
-0.9349,0.382,0.618,0.0
0.8126,0.0,0.769,0.231
0.4215,0.06,0.8,0.14
-0.7562,0.237,0.626,0.138
-0.9022,0.262,0.738,0.0
0.4939,0.0,0.865,0.135
-0.8074,0.307,0.63,0.063
-0.8807,0.305,0.616,0.079
0.2023,0.0,0.913,0.087
-0.5267,0.193,0.682,0.125
0.0,0.117,0.738,0.145
0.5267,0.0,0.843,0.157
0.7717,0.0,0.801,0.199
0.128,0.143,0.7,0.157
-0.7684,0.129,0.843,0.028
-0.8591,0.204,0.796,0.0
-0.765,0.258,0.742,0.0
-0.25,0.096,0.851,0.053
-0.9153,0.339,0.661,0.0
-0.6705,0.261,0.594,0.145
0.2023,0.09,0.743,0.167
-0.3182,0.091,0.855,0.053
0.7351,0.058,0.718,0.225
0.128,0.0,0.952,0.048
-0.2023,0.205,0.795,0.0
-0.7269,0.119,0.818,0.062
0.0,0.0,1.0,0.0
-0.802,0.243,0.653,0.104
-0.8126,0.219,0.781,0.0
-0.9201,0.326,0.674,0.0
0.0,0.0,1.0,0.0
-0.25,0.113,0.806,0.081
-0.8625,0.274,0.675,0.051
-0.5719,0.128,0.816,0.056
-0.3208,0.055,0.912,0.033
0.3182,0.058,0.809,0.133
-0.6597,0.122,0.878,0.0
-0.7494,0.203,0.797,0.0
-0.6705,0.123,0.877,0.0
-0.9118,0.245,0.712,0.043
-0.4939,0.176,0.824,0.0
-0.5574,0.201,0.633,0.166
-0.6666,0.155,0.781,0.064
-0.9485,0.243,0.697,0.059
0.1027,0.05,0.887,0.064
-0.9565,0.34,0.612,0.048
-0.9565,0.463,0.445,0.091
-0.4588,0.12,0.88,0.0
-0.9201,0.327,0.673,0.0
-0.5994,0.259,0.741,0.0
0.4939,0.049,0.825,0.126
-0.9565,0.308,0.692,0.0
-0.8481,0.325,0.675,0.0
-0.2263,0.102,0.83,0.068
0.5267,0.092,0.762,0.146
-0.7906,0.308,0.592,0.101
-0.9217,0.28,0.623,0.097
0.4497,0.0,0.803,0.197
-0.8316,0.311,0.622,0.067
-0.9349,0.344,0.563,0.093
-0.8126,0.291,0.709,0.0
-0.8957,0.304,0.696,0.0
-0.9081,0.332,0.622,0.046
-0.967,0.3,0.673,0.026
-0.6597,0.355,0.645,0.0
-0.7579,0.126,0.874,0.0
-0.9313,0.377,0.623,0.0
0.1027,0.13,0.729,0.141
-0.8176,0.258,0.686,0.057
-0.7003,0.185,0.717,0.099
-0.7717,0.223,0.708,0.068
-0.7579,0.171,0.78,0.049
-0.4767,0.188,0.699,0.113
0.4019,0.0,0.875,0.125
-0.5267,0.142,0.788,0.07
0.5423,0.0,0.873,0.127
-0.8689,0.244,0.703,0.053
-0.4599,0.159,0.743,0.098
0.4005,0.125,0.721,0.155
-0.6705,0.333,0.667,0.0
-0.975,0.414,0.586,0.0
0.1901,0.084,0.792,0.125
-0.9571,0.309,0.649,0.043
-0.6597,0.206,0.714,0.08
0.6808,0.0,0.798,0.202
-0.6369,0.19,0.754,0.056
-0.296,0.153,0.744,0.103
-0.6808,0.111,0.889,0.0
-0.9403,0.393,0.568,0.039
-0.9231,0.314,0.686,0.0
-0.8176,0.169,0.831,0.0
-0.9153,0.289,0.711,0.0
-0.3182,0.174,0.726,0.101
-0.5859,0.179,0.821,0.0
0.6705,0.0,0.82,0.18
-0.1531,0.039,0.935,0.026
-0.0772,0.073,0.861,0.066
-0.9781,0.492,0.508,0.0
0.3182,0.0,0.881,0.119
0.1531,0.15,0.688,0.162
-0.8779,0.276,0.642,0.081
-0.4404,0.146,0.854,0.0
0.5859,0.0,0.873,0.127
-0.8176,0.215,0.738,0.047
-0.34,0.131,0.799,0.07
-0.9423,0.332,0.668,0.0
-0.5859,0.203,0.676,0.121
-0.7842,0.267,0.617,0.116
-0.9115,0.289,0.711,0.0
-0.9485,0.291,0.709,0.0
-0.5574,0.221,0.683,0.096
-0.0516,0.135,0.736,0.129
-0.296,0.104,0.896,0.0
-0.4588,0.14,0.766,0.095
-0.9134,0.462,0.389,0.149
-0.9623,0.441,0.559,0.0
-0.6249,0.168,0.771,0.061
0.0,0.0,1.0,0.0
0.2023,0.075,0.812,0.113
-0.9643,0.348,0.61,0.042
0.0,0.0,1.0,0.0
-0.743,0.174,0.782,0.044
0.5106,0.07,0.729,0.201
-0.765,0.116,0.851,0.033
-0.5574,0.141,0.859,0.0
-0.9403,0.31,0.69,0.0
-0.8225,0.257,0.743,0.0
-0.9186,0.276,0.671,0.053
-0.7269,0.169,0.831,0.0
-0.91,0.343,0.548,0.11
0.4019,0.036,0.883,0.081
-0.6705,0.129,0.871,0.0
-0.8555,0.286,0.714,0.0
0.296,0.056,0.85,0.095
-0.6486,0.142,0.858,0.0
-0.7003,0.24,0.629,0.131
-0.3612,0.183,0.662,0.155
-0.8126,0.209,0.791,0.0
-0.0731,0.118,0.802,0.08
-0.0772,0.071,0.865,0.064
-0.7845,0.184,0.765,0.052
-0.8591,0.288,0.712,0.0
-0.4767,0.146,0.777,0.078
-0.5719,0.111,0.848,0.041
-0.8481,0.254,0.746,0.0
-0.8225,0.217,0.783,0.0
-0.9501,0.238,0.762,0.0
-0.8225,0.217,0.783,0.0
-0.3818,0.091,0.909,0.0
-0.5423,0.205,0.656,0.139
-0.6124,0.098,0.902,0.0
-0.1531,0.101,0.766,0.133
0.5106,0.0,0.845,0.155
-0.9217,0.222,0.758,0.02
-0.296,0.155,0.759,0.085
-0.8176,0.161,0.781,0.057
-0.296,0.189,0.68,0.131
0.4019,0.0,0.915,0.085
-0.0516,0.038,0.962,0.0
-0.9468,0.269,0.666,0.065
0.4549,0.083,0.748,0.168
-0.8271,0.251,0.749,0.0
-0.5859,0.216,0.625,0.159
-0.7579,0.183,0.817,0.0
-0.802,0.19,0.81,0.0
-0.7783,0.198,0.755,0.047
-0.9652,0.491,0.509,0.0
-0.2263,0.128,0.793,0.079
0.4019,0.127,0.633,0.241
0.1531,0.106,0.759,0.135
-0.836,0.308,0.692,0.0
-0.8176,0.191,0.809,0.0
0.0516,0.086,0.805,0.109
-0.9349,0.293,0.673,0.035
0.8555,0.036,0.676,0.287
0.0,0.0,1.0,0.0
-0.1491,0.172,0.667,0.161
-0.9732,0.455,0.545,0.0
-0.9443,0.412,0.588,0.0
-0.6705,0.174,0.767,0.059
-0.6486,0.267,0.637,0.096
-0.34,0.066,0.934,0.0
-0.3818,0.284,0.505,0.211
0.7506,0.143,0.568,0.289
0.4019,0.062,0.787,0.151
-0.2023,0.089,0.842,0.069
-0.296,0.087,0.913,0.0
-0.6908,0.121,0.879,0.0
0.296,0.061,0.83,0.109
-0.9538,0.358,0.642,0.0
-0.5106,0.149,0.805,0.046
-0.9042,0.292,0.651,0.057
0.2263,0.117,0.744,0.139
-0.2263,0.071,0.929,0.0
-0.9287,0.315,0.685,0.0
0.4754,0.0,0.897,0.103
-0.8957,0.289,0.711,0.0
-0.7506,0.217,0.642,0.141
0.0516,0.133,0.766,0.101
-0.7783,0.254,0.746,0.0
-0.128,0.185,0.708,0.108
-0.7964,0.269,0.731,0.0
-0.802,0.179,0.776,0.045
-0.1531,0.104,0.783,0.113
-0.9313,0.215,0.785,0.0
-0.8885,0.303,0.64,0.058
-0.4019,0.135,0.751,0.114
-0.7783,0.206,0.794,0.0
-0.3182,0.136,0.796,0.068
0.3182,0.086,0.778,0.136
-0.2263,0.075,0.881,0.044
0.4588,0.0,0.897,0.103
0.0,0.0,1.0,0.0
-0.2732,0.106,0.821,0.073
-0.2732,0.057,0.905,0.039
-0.2732,0.106,0.821,0.073
-0.6486,0.147,0.853,0.0
0.0,0.0,1.0,0.0
-0.4588,0.103,0.897,0.0
0.6398,0.066,0.771,0.162
-0.8126,0.402,0.598,0.0
-0.836,0.168,0.832,0.0
-0.7351,0.316,0.564,0.12
-0.8807,0.271,0.671,0.058
-0.8934,0.242,0.698,0.06
-0.9022,0.464,0.536,0.0
-0.2755,0.062,0.905,0.033
0.5719,0.084,0.712,0.204
-0.8689,0.197,0.803,0.0
-0.5994,0.17,0.83,0.0
-0.4118,0.071,0.929,0.0
-0.0772,0.074,0.866,0.061
-0.34,0.058,0.942,0.0
-0.7906,0.254,0.634,0.113
-0.8442,0.227,0.773,0.0
-0.4767,0.134,0.866,0.0
0.3612,0.083,0.789,0.128
0.6597,0.057,0.682,0.261
-0.5106,0.076,0.924,0.0
-0.8885,0.277,0.632,0.091
0.0,0.0,1.0,0.0
-0.3818,0.097,0.832,0.071
0.2263,0.075,0.802,0.123
-0.0772,0.206,0.611,0.183
0.3182,0.148,0.599,0.252
0.0,0.0,1.0,0.0
-0.6705,0.127,0.842,0.03
0.8957,0.0,0.59,0.41
-0.6124,0.111,0.855,0.034
0.5719,0.0,0.87,0.13
0.4767,0.0,0.881,0.119
-0.9081,0.289,0.711,0.0
-0.1531,0.12,0.769,0.111
0.0772,0.127,0.68,0.193
-0.836,0.212,0.788,0.0
0.0,0.0,1.0,0.0
0.6588,0.0,0.565,0.435
-0.6124,0.104,0.896,0.0
-0.6908,0.127,0.873,0.0
-0.8658,0.238,0.762,0.0
0.3612,0.22,0.439,0.341
0.5423,0.0,0.857,0.143
0.1027,0.079,0.793,0.128
-0.5106,0.275,0.725,0.0
0.296,0.049,0.874,0.076
0.6808,0.0,0.791,0.209
-0.5423,0.173,0.767,0.061
-0.8225,0.177,0.823,0.0
0.0,0.0,1.0,0.0
-0.7579,0.16,0.791,0.049
-0.0258,0.098,0.831,0.071
-0.3818,0.263,0.625,0.113
-0.936,0.396,0.493,0.111
-0.8807,0.22,0.746,0.034
0.5267,0.0,0.833,0.167
-0.2732,0.052,0.948,0.0
0.128,0.096,0.786,0.118
-0.7994,0.188,0.739,0.072
0.0,0.0,1.0,0.0
-0.2263,0.068,0.932,0.0
0.4019,0.0,0.915,0.085
-0.7096,0.266,0.63,0.104
-0.8481,0.199,0.801,0.0
0.0,0.0,1.0,0.0
-0.8402,0.175,0.751,0.074
-0.5859,0.142,0.858,0.0
-0.3818,0.167,0.833,0.0
0.0516,0.052,0.892,0.056
-0.7783,0.192,0.704,0.105
0.0,0.0,1.0,0.0
0.2023,0.0,0.933,0.067
-0.6124,0.192,0.753,0.055
-0.1027,0.135,0.741,0.124
-0.9169,0.315,0.685,0.0
-0.8555,0.176,0.824,0.0
-0.6124,0.221,0.647,0.132
-0.25,0.135,0.789,0.076
-0.8402,0.22,0.78,0.0
-0.34,0.072,0.928,0.0
-0.7845,0.182,0.709,0.109
-0.7783,0.228,0.772,0.0
-0.8779,0.207,0.74,0.053
0.0516,0.094,0.806,0.1
-0.8225,0.322,0.585,0.093
-0.6214,0.503,0.497,0.0
-0.1779,0.13,0.764,0.106
-0.0516,0.088,0.804,0.108
-0.4215,0.108,0.817,0.075
0.4939,0.0,0.89,0.11
0.0,0.0,1.0,0.0
-0.4939,0.225,0.603,0.173
-0.3612,0.098,0.902,0.0
-0.8591,0.314,0.617,0.069
0.1779,0.0,0.931,0.069
0.0,0.0,1.0,0.0
-0.1531,0.118,0.754,0.128
-0.7717,0.233,0.767,0.0
-0.875,0.235,0.735,0.031
0.296,0.045,0.873,0.081
-0.6705,0.148,0.852,0.0
-0.4215,0.113,0.887,0.0
0.2617,0.099,0.777,0.123
0.296,0.0,0.927,0.073
0.3612,0.078,0.783,0.139
-0.3612,0.135,0.799,0.066
-0.5859,0.146,0.854,0.0
-0.9081,0.331,0.669,0.0
-0.4019,0.176,0.691,0.133
-0.9645,0.33,0.67,0.0
-0.4404,0.111,0.827,0.062
-0.875,0.4,0.6,0.0
0.0772,0.086,0.782,0.132
-0.8402,0.228,0.69,0.082
-0.6486,0.169,0.831,0.0
-0.8658,0.263,0.699,0.037
-0.6249,0.151,0.79,0.059
-0.6782,0.125,0.875,0.0
-0.1027,0.091,0.829,0.08
-0.7906,0.233,0.767,0.0
-0.296,0.071,0.929,0.0
-0.8834,0.284,0.716,0.0
-0.0366,0.058,0.888,0.054
0.2263,0.061,0.866,0.073
0.128,0.0,0.842,0.158
-0.5719,0.165,0.739,0.096
-0.4404,0.109,0.891,0.0
-0.4588,0.116,0.833,0.05
-0.6494,0.162,0.742,0.096
0.0516,0.208,0.549,0.243
-0.8658,0.265,0.694,0.041
-0.9136,0.301,0.572,0.127
-0.34,0.2,0.692,0.108
-0.9509,0.31,0.69,0.0
-0.3182,0.073,0.927,0.0
-0.7096,0.156,0.844,0.0
-0.836,0.217,0.724,0.058
-0.7906,0.194,0.806,0.0
0.0,0.0,1.0,0.0
0.6124,0.078,0.709,0.213
-0.9122,0.291,0.655,0.053
-0.5994,0.14,0.86,0.0
-0.4588,0.14,0.761,0.099
0.4767,0.0,0.795,0.205
-0.9493,0.222,0.778,0.0
-0.4767,0.141,0.784,0.075
0.9325,0.0,0.622,0.378
0.8481,0.068,0.725,0.207
-0.891,0.207,0.695,0.098
-0.2732,0.132,0.757,0.112
0.4019,0.0,0.829,0.171
0.25,0.082,0.796,0.122
0.34,0.088,0.776,0.137
0.5267,0.086,0.784,0.131
-0.8271,0.347,0.59,0.063
-0.8225,0.217,0.783,0.0
-0.7184,0.17,0.772,0.058
-0.9274,0.19,0.774,0.036
-0.6249,0.121,0.837,0.042
-0.6597,0.205,0.676,0.12
-0.3818,0.23,0.592,0.178
-0.4215,0.091,0.862,0.047
-0.7184,0.247,0.676,0.078
0.0,0.0,1.0,0.0
-0.5647,0.2,0.72,0.08
-0.5644,0.197,0.803,0.0
-0.8807,0.286,0.676,0.038
-0.815,0.163,0.813,0.023
0.4767,0.084,0.801,0.114
0.4767,0.084,0.801,0.114
0.0516,0.0,0.963,0.037
-0.4939,0.077,0.879,0.044
0.1779,0.07,0.836,0.094
-0.9382,0.371,0.577,0.052
-0.743,0.208,0.792,0.0
-0.34,0.122,0.813,0.065
0.1531,0.184,0.583,0.233
-0.2023,0.151,0.708,0.14
-0.4404,0.101,0.834,0.065
-0.8555,0.181,0.819,0.0
-0.5994,0.165,0.773,0.061
-0.6486,0.248,0.608,0.144
-0.7003,0.173,0.718,0.109
-0.7906,0.153,0.748,0.099
-0.4404,0.1,0.9,0.0
0.25,0.061,0.878,0.061
-0.8225,0.142,0.858,0.0
0.34,0.0,0.93,0.07
-0.2732,0.08,0.92,0.0
-0.8676,0.333,0.568,0.098
-0.0258,0.213,0.578,0.209
-0.91,0.215,0.687,0.098
0.0,0.0,1.0,0.0
-0.3818,0.171,0.742,0.087
-0.7003,0.17,0.727,0.103
-0.8442,0.339,0.614,0.047
0.0,0.0,1.0,0.0
-0.7845,0.197,0.767,0.036
-0.2023,0.153,0.709,0.138
0.2732,0.049,0.859,0.092
-0.4549,0.104,0.818,0.078
0.7845,0.067,0.667,0.267
-0.1027,0.149,0.851,0.0
-0.891,0.274,0.686,0.04
-0.9442,0.268,0.677,0.055
0.0,0.0,1.0,0.0
-0.9201,0.206,0.757,0.036
-0.9201,0.193,0.773,0.034
-0.3612,0.179,0.653,0.168
-0.8834,0.318,0.61,0.072
-0.128,0.051,0.949,0.0
-0.2023,0.055,0.903,0.042
0.0,0.0,1.0,0.0
0.5256,0.042,0.884,0.075
0.3612,0.0,0.737,0.263
-0.8519,0.172,0.781,0.047
-0.6705,0.17,0.792,0.038
-0.93,0.173,0.782,0.045
-0.9001,0.222,0.66,0.118
-0.4939,0.08,0.894,0.027
-0.6486,0.205,0.726,0.069
0.0,0.0,1.0,0.0
-0.3612,0.385,0.615,0.0
-0.631,0.187,0.664,0.149
0.128,0.0,0.842,0.158
-0.5994,0.117,0.806,0.076
-0.4767,0.152,0.75,0.099
-0.9091,0.275,0.725,0.0
-0.755,0.187,0.757,0.055
-0.4588,0.111,0.889,0.0
-0.8979,0.182,0.818,0.0
-0.9313,0.157,0.843,0.0
0.0772,0.112,0.758,0.13
-0.7964,0.265,0.581,0.154
-0.7783,0.169,0.777,0.054
-0.128,0.144,0.701,0.155
-0.5859,0.388,0.612,0.0
-0.7783,0.112,0.888,0.0
-0.891,0.152,0.848,0.0
0.0772,0.082,0.832,0.086
-0.296,0.239,0.761,0.0
-0.9809,0.263,0.712,0.024
-0.9524,0.344,0.608,0.048
-0.8689,0.252,0.669,0.079
-0.7717,0.233,0.767,0.0
0.1027,0.135,0.706,0.159
-0.8271,0.106,0.894,0.0
-0.6597,0.085,0.887,0.028
-0.6267,0.165,0.752,0.083
-0.926,0.252,0.748,0.0
-0.9538,0.38,0.573,0.047
-0.7184,0.171,0.829,0.0
-0.7964,0.22,0.657,0.124
-0.9062,0.291,0.709,0.0
-0.5719,0.171,0.829,0.0
-0.8316,0.173,0.753,0.074
-0.91,0.175,0.767,0.059
-0.4767,0.117,0.816,0.068
-0.3182,0.123,0.797,0.08
-0.8298,0.257,0.635,0.108
0.3818,0.028,0.917,0.055
-0.6808,0.228,0.772,0.0
-0.2263,0.088,0.862,0.05
-0.7906,0.241,0.759,0.0
0.2023,0.198,0.521,0.281
-0.4767,0.178,0.693,0.129
-0.8979,0.31,0.647,0.043
0.7783,0.05,0.754,0.196
-0.9747,0.36,0.569,0.071
-0.34,0.11,0.837,0.053
-0.5574,0.275,0.616,0.109
0.0258,0.052,0.893,0.055
0.765,0.0,0.602,0.398
-0.8402,0.207,0.694,0.099
0.3818,0.0,0.698,0.302
-0.3182,0.151,0.724,0.125
-0.9814,0.303,0.697,0.0
-0.9246,0.289,0.711,0.0
-0.9881,0.263,0.737,0.0
-0.9607,0.314,0.606,0.08
-0.9607,0.314,0.606,0.08
-0.9607,0.314,0.606,0.08
-0.9325,0.375,0.625,0.0
-0.9136,0.162,0.794,0.044
0.0,0.0,1.0,0.0
-0.6249,0.087,0.878,0.036
-0.9168,0.323,0.58,0.097
-0.7184,0.197,0.737,0.066
-0.9661,0.432,0.568,0.0
-0.6705,0.113,0.887,0.0
-0.6705,0.155,0.845,0.0
-0.875,0.133,0.867,0.0
-0.9648,0.402,0.598,0.0
-0.9349,0.341,0.512,0.148
-0.4215,0.114,0.815,0.071
0.34,0.0,0.676,0.324
0.9382,0.0,0.685,0.315
-0.5423,0.125,0.799,0.077
0.9001,0.079,0.755,0.166
-0.4939,0.13,0.87,0.0
-0.9643,0.267,0.708,0.025
-0.9682,0.211,0.771,0.018
-0.9353,0.249,0.616,0.134
-0.4939,0.242,0.758,0.0
-0.7351,0.122,0.878,0.0
-0.3612,0.294,0.706,0.0
-0.9287,0.237,0.763,0.0
-0.9231,0.19,0.81,0.0
0.6369,0.0,0.679,0.321
-0.9814,0.286,0.688,0.026
-0.9803,0.255,0.708,0.037
-0.4215,0.148,0.732,0.12
-0.9565,0.387,0.613,0.0
-0.9623,0.235,0.765,0.0
0.0,0.0,1.0,0.0
-0.9382,0.244,0.725,0.031
-0.9382,0.207,0.767,0.027
-0.6249,0.157,0.758,0.084
-0.9371,0.257,0.701,0.042
0.0,0.0,1.0,0.0
-0.1779,0.126,0.744,0.13
0.0,0.0,1.0,0.0
0.4003,0.093,0.789,0.118
0.25,0.237,0.526,0.237
0.3612,0.015,0.951,0.034
0.5423,0.052,0.881,0.068
-0.5719,0.155,0.745,0.101
-0.7003,0.266,0.602,0.132
0.0,0.0,1.0,0.0
-0.128,0.108,0.775,0.116
-0.128,0.087,0.819,0.094
-0.6808,0.113,0.819,0.068
-0.4588,0.147,0.785,0.068
-0.9169,0.269,0.731,0.0
0.7717,0.0,0.765,0.235
-0.8126,0.243,0.757,0.0
-0.1935,0.127,0.796,0.077
-0.7906,0.139,0.806,0.056
-0.83,0.136,0.801,0.063
0.5574,0.063,0.811,0.126
-0.3182,0.063,0.937,0.0
0.1531,0.089,0.778,0.133
0.5423,0.0,0.829,0.171
-0.8591,0.219,0.729,0.052
-0.4939,0.296,0.704,0.0
-0.8779,0.246,0.665,0.09
0.2023,0.127,0.73,0.144
-0.8519,0.198,0.689,0.113
0.2023,0.127,0.73,0.144
-0.2263,0.087,0.913,0.0
-0.6705,0.474,0.526,0.0
-0.5719,0.096,0.865,0.038
-0.6249,0.129,0.792,0.079
-0.8957,0.282,0.718,0.0
0.0,0.0,1.0,0.0
-0.8979,0.218,0.782,0.0
-0.8979,0.161,0.839,0.0
0.6486,0.0,0.819,0.181
-0.3818,0.13,0.758,0.112
0.6486,0.124,0.667,0.209
-0.7964,0.191,0.702,0.107
0.1901,0.139,0.733,0.128
-0.9287,0.37,0.63,0.0
0.0,0.0,1.0,0.0
-0.7269,0.24,0.569,0.191
-0.2263,0.139,0.757,0.104
0.8402,0.0,0.471,0.529
-0.0516,0.054,0.907,0.039
0.8316,0.045,0.832,0.123
0.1027,0.0,0.959,0.041
-0.8519,0.275,0.662,0.064
0.4019,0.033,0.894,0.073
-0.765,0.123,0.806,0.07
-0.6486,0.16,0.757,0.083
-0.7096,0.156,0.792,0.051
-0.8442,0.261,0.689,0.05
-0.9325,0.212,0.737,0.051
-0.8442,0.261,0.689,0.05
-0.8271,0.225,0.775,0.0
-0.2732,0.101,0.827,0.072
0.4019,0.0,0.928,0.072
-0.8194,0.195,0.686,0.119
0.34,0.0,0.909,0.091
-0.7867,0.143,0.757,0.099
-0.6486,0.246,0.663,0.091
-0.9565,0.396,0.604,0.0
-0.5023,0.113,0.814,0.073
-0.9753,0.22,0.733,0.047
-0.7783,0.174,0.782,0.044
-0.128,0.084,0.845,0.071
-0.926,0.226,0.689,0.085
-0.9325,0.186,0.733,0.081
0.1531,0.13,0.72,0.15
0.1531,0.13,0.72,0.15
-0.1779,0.066,0.894,0.04
-0.7845,0.173,0.827,0.0
-0.8225,0.107,0.868,0.025
-0.8316,0.21,0.734,0.056
-0.25,0.111,0.889,0.0
-0.7906,0.1,0.9,0.0
0.0,0.0,1.0,0.0
-0.93,0.205,0.739,0.056
-0.3182,0.101,0.828,0.072
-0.9442,0.174,0.765,0.061
-0.3612,0.201,0.612,0.187
-0.872,0.242,0.707,0.051
-0.3182,0.054,0.909,0.037
-0.1531,0.108,0.773,0.119
0.0,0.0,1.0,0.0
-0.936,0.174,0.757,0.069
-0.936,0.158,0.78,0.063
-0.6558,0.204,0.732,0.065
-0.7184,0.167,0.833,0.0
-0.872,0.2,0.735,0.065
-0.9423,0.191,0.765,0.044
-0.5267,0.121,0.879,0.0
-0.9799,0.274,0.704,0.022
-0.9752,0.339,0.661,0.0
-0.9657,0.403,0.547,0.049
-0.9925,0.37,0.609,0.022
-0.5423,0.145,0.798,0.057
-0.4588,0.144,0.741,0.115
0.4019,0.062,0.794,0.143
-0.9855,0.31,0.64,0.05
-0.296,0.104,0.896,0.0
-0.9118,0.335,0.665,0.0
0.0,0.0,1.0,0.0
-0.8922,0.163,0.776,0.061
-0.8922,0.155,0.786,0.058
-0.7184,0.133,0.826,0.041
-0.8271,0.265,0.662,0.073
-0.8555,0.154,0.789,0.056
-0.7906,0.137,0.863,0.0
-0.2477,0.102,0.796,0.102
-0.8519,0.178,0.822,0.0
0.6249,0.0,0.907,0.093
-0.891,0.212,0.788,0.0
-0.7579,0.107,0.846,0.047
-0.891,0.212,0.788,0.0
-0.9601,0.256,0.701,0.043
0.3612,0.098,0.743,0.159
-0.4767,0.088,0.912,0.0
-0.296,0.196,0.804,0.0
-0.891,0.291,0.656,0.053
-0.8957,0.183,0.73,0.087
-0.2023,0.112,0.79,0.097
-0.5994,0.245,0.755,0.0
0.8519,0.023,0.854,0.123
0.0,0.0,1.0,0.0
-0.5574,0.217,0.69,0.093
-0.802,0.148,0.768,0.083
-0.802,0.214,0.679,0.106
0.296,0.0,0.732,0.268
0.912,0.0,0.799,0.201
-0.8834,0.191,0.809,0.0
0.7964,0.0,0.838,0.162
0.3919,0.115,0.688,0.196
-0.9451,0.433,0.486,0.081
0.1027,0.078,0.801,0.12
-0.9393,0.313,0.623,0.064
-0.9349,0.195,0.712,0.094
-0.1027,0.073,0.882,0.045
0.5267,0.055,0.766,0.179
-0.4215,0.272,0.57,0.158
-0.9325,0.232,0.733,0.035
0.7096,0.0,0.803,0.197
-0.2732,0.141,0.746,0.113
0.7184,0.0,0.8,0.2
-0.6249,0.188,0.71,0.102
0.25,0.148,0.651,0.201
-0.4019,0.351,0.649,0.0
-0.296,0.075,0.866,0.058
-0.1027,0.046,0.954,0.0
0.3612,0.0,0.921,0.079
0.296,0.0,0.913,0.087
0.5719,0.0,0.916,0.084
-0.8316,0.26,0.675,0.065
-0.9765,0.225,0.762,0.013
0.2732,0.076,0.79,0.134
0.0,0.0,1.0,0.0
-0.7717,0.159,0.793,0.048
-0.2263,0.073,0.927,0.0
-0.8225,0.132,0.836,0.033
-0.4767,0.113,0.827,0.06
0.2023,0.085,0.804,0.111
0.0,0.0,1.0,0.0
0.2023,0.079,0.817,0.104
0.0,0.0,1.0,0.0
-0.4767,0.172,0.706,0.122
0.0,0.0,1.0,0.0
-0.7506,0.205,0.734,0.062
-0.8271,0.199,0.801,0.0
-0.8225,0.256,0.639,0.105
-0.5423,0.2,0.8,0.0
0.2023,0.056,0.867,0.077
-0.34,0.111,0.83,0.059
0.34,0.087,0.74,0.173
0.872,0.071,0.654,0.275
-0.9538,0.377,0.544,0.08
-0.8885,0.304,0.696,0.0
-0.9001,0.294,0.649,0.056
-0.5574,0.12,0.771,0.11
-0.7845,0.153,0.727,0.12
-0.8271,0.316,0.533,0.151
0.0772,0.075,0.841,0.084
0.1027,0.138,0.714,0.147
-0.8519,0.215,0.785,0.0
-0.8462,0.208,0.792,0.0
-0.3612,0.104,0.835,0.061
0.3818,0.091,0.743,0.166
-0.9442,0.285,0.715,0.0
-0.8176,0.245,0.689,0.066
-0.0,0.09,0.796,0.114
0.0,0.0,1.0,0.0
-0.765,0.229,0.689,0.082
-0.5994,0.151,0.766,0.084
-0.9552,0.359,0.545,0.095
-0.8481,0.194,0.746,0.06
0.3612,0.087,0.751,0.162
-0.0772,0.084,0.84,0.076
-0.743,0.186,0.758,0.056
0.4648,0.163,0.571,0.266
0.7906,0.0,0.757,0.243
-0.6908,0.121,0.879,0.0
-0.7269,0.209,0.73,0.061
-0.8779,0.258,0.684,0.057
-0.875,0.279,0.721,0.0
-0.8225,0.292,0.652,0.056
-0.9545,0.326,0.674,0.0
-0.7845,0.177,0.823,0.0
-0.7783,0.2,0.738,0.062
-0.6705,0.156,0.764,0.08
-0.6705,0.17,0.73,0.101
-0.872,0.209,0.748,0.043
-0.9313,0.275,0.725,0.0
-0.7783,0.181,0.746,0.073
-0.25,0.038,0.962,0.0
-0.8074,0.243,0.655,0.102
0.4019,0.105,0.703,0.192
-0.6705,0.179,0.754,0.067
0.2263,0.096,0.746,0.158
-0.8225,0.285,0.607,0.107
-0.8591,0.207,0.759,0.034
0.7034,0.0,0.861,0.139
-0.3182,0.107,0.835,0.058
-0.2263,0.078,0.87,0.052
0.6124,0.045,0.828,0.127
-0.936,0.318,0.637,0.045
-0.4019,0.148,0.742,0.109
0.4767,0.0,0.903,0.097
0.8225,0.0,0.787,0.213
0.7184,0.0,0.846,0.154
0.25,0.071,0.808,0.121
0.7506,0.094,0.608,0.298
-0.8074,0.208,0.724,0.069
-0.4939,0.158,0.722,0.12
0.1779,0.058,0.865,0.078
-0.9545,0.28,0.682,0.038
-0.9737,0.431,0.487,0.082
-0.6751,0.181,0.731,0.088
0.0,0.0,1.0,0.0
-0.1761,0.188,0.62,0.193
-0.4215,0.162,0.764,0.073
0.886,0.056,0.66,0.284
-0.6705,0.127,0.873,0.0
0.1531,0.09,0.786,0.124
0.0,0.0,1.0,0.0
-0.7096,0.182,0.818,0.0
-0.5719,0.161,0.769,0.069
-0.128,0.048,0.952,0.0
0.6908,0.0,0.878,0.122
-0.4767,0.16,0.76,0.08
-0.4767,0.12,0.831,0.048
-0.5719,0.153,0.751,0.095
-0.8885,0.22,0.757,0.022
0.5859,0.055,0.786,0.159
-0.8225,0.208,0.792,0.0
-0.8885,0.252,0.633,0.115
0.0,0.0,1.0,0.0
-0.8979,0.322,0.633,0.046
0.34,0.069,0.801,0.13
0.6166,0.07,0.7,0.23
-0.9939,0.472,0.509,0.02
-0.631,0.108,0.847,0.045
-0.9843,0.379,0.571,0.05
0.2023,0.137,0.701,0.162
-0.296,0.211,0.62,0.169
-0.8847,0.321,0.516,0.164
0.6597,0.089,0.712,0.2
0.8442,0.0,0.849,0.151
-0.6597,0.112,0.888,0.0
-0.9571,0.299,0.641,0.06
-0.9118,0.243,0.681,0.075
-0.7184,0.114,0.86,0.026
-0.7382,0.264,0.612,0.124
0.7845,0.038,0.708,0.253
-0.2023,0.043,0.957,0.0
-0.2732,0.143,0.743,0.114
0.7717,0.0,0.835,0.165
-0.8316,0.196,0.804,0.0
-0.0772,0.117,0.779,0.104
0.2732,0.158,0.635,0.207
-0.5859,0.093,0.871,0.035
-0.9001,0.216,0.784,0.0
-0.5442,0.165,0.706,0.129
0.3818,0.0,0.915,0.085
-0.3182,0.084,0.916,0.0
0.128,0.079,0.81,0.111
-0.5719,0.096,0.904,0.0
-0.7906,0.265,0.735,0.0
-0.6551,0.109,0.891,0.0
-0.9565,0.302,0.698,0.0
-0.7096,0.184,0.761,0.055
-0.0258,0.172,0.658,0.169
0.25,0.074,0.795,0.131
-0.5267,0.123,0.847,0.03
0.3182,0.085,0.767,0.148
-0.9291,0.29,0.669,0.042
-0.9382,0.392,0.608,0.0
-0.8402,0.309,0.647,0.044
-0.6705,0.222,0.705,0.073
-0.3291,0.126,0.759,0.115
-0.3182,0.073,0.927,0.0
0.2732,0.0,0.871,0.129
-0.7717,0.271,0.729,0.0
-0.1027,0.114,0.786,0.1
0.765,0.068,0.678,0.254
-0.853,0.231,0.676,0.093
-0.9432,0.34,0.66,0.0
0.25,0.143,0.676,0.181
-0.1027,0.138,0.738,0.124
0.1531,0.143,0.695,0.163
-0.1027,0.138,0.738,0.124
-0.7964,0.243,0.708,0.049
-0.3818,0.093,0.907,0.0
-0.9501,0.317,0.641,0.041
-0.7906,0.242,0.758,0.0
-0.7832,0.172,0.828,0.0
-0.9545,0.366,0.597,0.037
-0.7506,0.162,0.768,0.07
-0.9201,0.318,0.682,0.0
-0.5423,0.128,0.812,0.06
-0.34,0.168,0.703,0.13
-0.9337,0.316,0.663,0.021
-0.8834,0.256,0.744,0.0
-0.6486,0.202,0.798,0.0
-0.1779,0.111,0.787,0.102
-0.6808,0.157,0.764,0.079
-0.296,0.105,0.837,0.058
-0.6486,0.15,0.85,0.0
-0.1531,0.17,0.63,0.2
0.5994,0.037,0.805,0.158
-0.2263,0.041,0.959,0.0
-0.9509,0.377,0.525,0.098
-0.9413,0.338,0.662,0.0
-0.7351,0.214,0.721,0.065
0.6597,0.082,0.647,0.271
-0.5859,0.175,0.753,0.073
-0.8176,0.263,0.737,0.0
-0.9403,0.299,0.654,0.046
0.3818,0.203,0.549,0.247
0.9062,0.0,0.661,0.339
-0.2263,0.223,0.552,0.225
0.6808,0.084,0.679,0.236
-0.0139,0.099,0.76,0.141
0.296,0.0,0.929,0.071
0.0258,0.111,0.76,0.129
-0.4019,0.203,0.629,0.168
-0.5994,0.136,0.82,0.044
-0.9476,0.392,0.608,0.0
0.0258,0.075,0.846,0.078
-0.8519,0.225,0.775,0.0
-0.936,0.311,0.628,0.061
-0.7003,0.206,0.679,0.115
0.5106,0.0,0.891,0.109
-0.8402,0.324,0.609,0.067
-0.9274,0.296,0.609,0.095
-0.9432,0.452,0.481,0.067
-0.891,0.268,0.732,0.0
0.3071,0.162,0.672,0.166
-0.5414,0.172,0.71,0.118
-0.9571,0.372,0.628,0.0
-0.9552,0.319,0.639,0.042
-0.802,0.287,0.622,0.091
-0.4588,0.141,0.778,0.081
-0.6369,0.188,0.695,0.117
-0.9118,0.296,0.704,0.0
0.0,0.0,1.0,0.0
-0.5719,0.194,0.682,0.123
0.4939,0.142,0.678,0.18
0.296,0.09,0.753,0.157
0.0,0.0,1.0,0.0
-0.8176,0.269,0.648,0.082
-0.8442,0.263,0.599,0.138
0.2263,0.08,0.779,0.141
-0.25,0.088,0.854,0.058
-0.6705,0.111,0.889,0.0
0.7845,0.082,0.709,0.209
-0.9081,0.319,0.625,0.056
-0.6705,0.179,0.674,0.146
-0.9081,0.319,0.625,0.056
-0.6249,0.23,0.603,0.167
-0.3612,0.072,0.928,0.0
-0.765,0.223,0.777,0.0
-0.765,0.264,0.617,0.119
-0.6977,0.182,0.76,0.057
-0.891,0.294,0.668,0.037
-0.6908,0.158,0.81,0.032
-0.4939,0.171,0.751,0.078
-0.7717,0.205,0.795,0.0
-0.4215,0.128,0.767,0.105
-0.8074,0.259,0.637,0.104
-0.296,0.157,0.711,0.131
-0.9595,0.347,0.571,0.082
0.0772,0.109,0.775,0.116
-0.7351,0.201,0.733,0.066
-0.8176,0.263,0.691,0.046
-0.4939,0.099,0.901,0.0
0.1779,0.05,0.882,0.068
-0.8658,0.273,0.626,0.101
-0.5994,0.192,0.72,0.088
-0.128,0.068,0.874,0.058
0.0721,0.078,0.798,0.124
-0.7717,0.173,0.827,0.0
-0.2023,0.073,0.927,0.0
-0.6705,0.153,0.847,0.0
-0.6597,0.114,0.86,0.026
0.0516,0.111,0.774,0.115
-0.8934,0.254,0.661,0.085
-0.8885,0.191,0.709,0.1
-0.6705,0.218,0.647,0.134
-0.4215,0.136,0.806,0.058
-0.9118,0.283,0.668,0.049
-0.9062,0.295,0.705,0.0
-0.9783,0.475,0.525,0.0
-0.8591,0.344,0.656,0.0
-0.9001,0.271,0.729,0.0
-0.8225,0.267,0.673,0.06
0.6369,0.128,0.628,0.244
-0.5423,0.155,0.749,0.096
0.0,0.075,0.85,0.075
0.6369,0.0,0.819,0.181
-0.4588,0.197,0.665,0.139
-0.6369,0.185,0.732,0.083
-0.2023,0.205,0.61,0.185
-0.8625,0.262,0.738,0.0
-0.802,0.22,0.78,0.0
-0.7902,0.2,0.8,0.0
0.0,0.0,1.0,0.0
-0.6369,0.229,0.701,0.07
0.4215,0.096,0.73,0.174
0.9222,0.056,0.555,0.389
0.3182,0.063,0.806,0.131
-0.1027,0.045,0.955,0.0
0.25,0.145,0.617,0.238
-0.7579,0.213,0.787,0.0
-0.743,0.164,0.836,0.0
0.25,0.122,0.707,0.171
0.7603,0.0,0.745,0.255
-0.6486,0.129,0.871,0.0
-0.8221,0.256,0.744,0.0
-0.8934,0.299,0.642,0.059
-0.9618,0.354,0.646,0.0
-0.25,0.141,0.719,0.141
-0.3612,0.106,0.894,0.0
0.3818,0.0,0.898,0.102
-0.6808,0.228,0.772,0.0
-0.0772,0.097,0.818,0.086
-0.7783,0.249,0.663,0.088
-0.7717,0.3,0.7,0.0
0.2023,0.125,0.691,0.184
0.0,0.071,0.858,0.071
-0.6486,0.271,0.592,0.137
-0.7964,0.308,0.493,0.199
-0.0258,0.119,0.793,0.088
0.3182,0.0,0.864,0.136
-0.4939,0.137,0.793,0.07
-0.7184,0.222,0.778,0.0
0.6808,0.0,0.763,0.237
0.2263,0.0,0.913,0.087
0.296,0.075,0.812,0.114
-0.6249,0.15,0.85,0.0
0.0,0.0,1.0,0.0
-0.872,0.279,0.685,0.036
-0.3612,0.159,0.775,0.066
-0.6808,0.172,0.828,0.0
0.0772,0.0,0.96,0.04
-0.8689,0.399,0.487,0.114
-0.6705,0.245,0.755,0.0
-0.9337,0.314,0.624,0.062
-0.6124,0.286,0.598,0.115
-0.6705,0.234,0.766,0.0
-0.296,0.081,0.919,0.0
-0.5994,0.193,0.734,0.073
-0.6124,0.172,0.828,0.0
-0.743,0.321,0.59,0.089
-0.9201,0.363,0.637,0.0
-0.7096,0.292,0.56,0.147
-0.6249,0.23,0.642,0.128
-0.4019,0.13,0.87,0.0
0.4588,0.051,0.801,0.147
-0.802,0.244,0.701,0.055
0.296,0.152,0.724,0.124
-0.2263,0.099,0.837,0.065
-0.4767,0.171,0.829,0.0
-0.7717,0.218,0.782,0.0
-0.296,0.081,0.919,0.0
-0.5994,0.13,0.818,0.052
0.2263,0.091,0.76,0.149
-0.5859,0.177,0.7,0.123
-0.886,0.269,0.731,0.0
-0.3182,0.158,0.708,0.134
0.4215,0.047,0.845,0.108
-0.7964,0.272,0.728,0.0
-0.2023,0.174,0.72,0.106
-0.6486,0.269,0.539,0.192
-0.9001,0.309,0.582,0.109
-0.7906,0.233,0.689,0.078
-0.296,0.149,0.759,0.092
-0.6486,0.133,0.867,0.0
-0.5719,0.185,0.695,0.12
-0.0577,0.142,0.692,0.166
-0.8658,0.303,0.697,0.0
-0.8176,0.215,0.785,0.0
-0.805,0.178,0.788,0.033
-0.8807,0.307,0.625,0.068
0.2023,0.072,0.833,0.095
-0.5719,0.229,0.636,0.135
-0.7096,0.194,0.754,0.052
-0.8402,0.257,0.664,0.08
-0.9186,0.325,0.675,0.0
-0.8591,0.336,0.507,0.156
0.0,0.093,0.785,0.122
0.1531,0.13,0.663,0.208
-0.7717,0.22,0.744,0.036
0.5106,0.147,0.629,0.224
-0.1027,0.142,0.764,0.094
0.2732,0.112,0.698,0.19
-0.6705,0.182,0.782,0.036
-0.802,0.224,0.776,0.0
-0.9118,0.307,0.66,0.033
0.128,0.166,0.637,0.197
0.6369,0.08,0.688,0.232
0.296,0.0,0.937,0.062
-0.8779,0.346,0.595,0.059
-0.25,0.071,0.929,0.0
-0.9442,0.342,0.658,0.0
0.4588,0.164,0.625,0.211
-0.9792,0.514,0.426,0.06
-0.3182,0.081,0.919,0.0
-0.7184,0.261,0.674,0.065
0.875,0.0,0.767,0.233
0.4939,0.069,0.794,0.137
-0.6808,0.167,0.833,0.0
-0.5574,0.113,0.887,0.0
-0.9403,0.4,0.6,0.0
-0.9538,0.475,0.525,0.0
0.1027,0.151,0.686,0.163
-0.8225,0.202,0.765,0.033
0.3102,0.0,0.885,0.115
0.2023,0.0,0.948,0.052
0.6249,0.151,0.568,0.281
-0.9022,0.33,0.618,0.053
-0.8225,0.288,0.61,0.102
-0.5994,0.189,0.811,0.0
-0.0541,0.14,0.756,0.104
0.7553,0.0,0.818,0.182
0.2023,0.051,0.847,0.102
0.3612,0.169,0.586,0.245
-0.7506,0.316,0.59,0.094
-0.891,0.29,0.638,0.072
0.7579,0.08,0.69,0.23
-0.4215,0.14,0.776,0.084
-0.8885,0.297,0.656,0.047
-0.4767,0.313,0.451,0.236
-0.4939,0.116,0.884,0.0
0.166,0.14,0.689,0.171
-0.9371,0.317,0.683,0.0
-0.7096,0.231,0.769,0.0
0.5859,0.068,0.763,0.168
-0.9062,0.291,0.709,0.0
-0.8689,0.255,0.7,0.045
0.7096,0.0,0.826,0.174
-0.6808,0.267,0.625,0.108
-0.9169,0.271,0.693,0.036
-0.8531,0.264,0.736,0.0
-0.8885,0.246,0.702,0.052
-0.6597,0.178,0.822,0.0
-0.2732,0.07,0.93,0.0
-0.9337,0.33,0.641,0.03
-0.8225,0.174,0.826,0.0
-0.6597,0.221,0.779,0.0
0.2023,0.1,0.737,0.163
-0.7717,0.178,0.822,0.0
-0.7783,0.203,0.749,0.048
-0.0516,0.103,0.753,0.144
0.6249,0.125,0.609,0.266
-0.8176,0.256,0.677,0.068
-0.765,0.185,0.815,0.0
-0.9022,0.354,0.59,0.057
-0.7184,0.261,0.646,0.093
-0.7096,0.24,0.605,0.156
-0.5994,0.252,0.562,0.187
-0.7906,0.236,0.654,0.11
0.1779,0.142,0.698,0.16
-0.1027,0.072,0.928,0.0
-0.8658,0.279,0.681,0.04
0.4939,0.0,0.87,0.13
-0.296,0.115,0.802,0.083
-0.8176,0.234,0.673,0.093
-0.0516,0.096,0.791,0.113
-0.1531,0.144,0.741,0.116
0.0,0.092,0.816,0.092
-0.886,0.305,0.695,0.0
0.5267,0.087,0.656,0.256
0.4404,0.114,0.637,0.249
-0.6808,0.223,0.701,0.076
0.1531,0.058,0.868,0.074
-0.8176,0.21,0.79,0.0
-0.8519,0.262,0.644,0.094
-0.8834,0.311,0.689,0.0
-0.6486,0.185,0.815,0.0
-0.9648,0.346,0.654,0.0
0.5574,0.0,0.854,0.146
-0.8519,0.21,0.758,0.032
-0.3182,0.144,0.746,0.111
-0.8176,0.211,0.789,0.0
0.743,0.0,0.73,0.27
-0.3134,0.179,0.702,0.12
-0.6124,0.252,0.629,0.119
-0.891,0.285,0.642,0.073
-0.9325,0.385,0.53,0.085
-0.7717,0.169,0.831,0.0
0.5374,0.091,0.777,0.132
-0.9118,0.352,0.595,0.052
-0.967,0.446,0.554,0.0
-0.6705,0.12,0.88,0.0
-0.802,0.308,0.583,0.108
-0.3182,0.069,0.931,0.0
0.0,0.0,1.0,0.0
-0.8176,0.231,0.769,0.0
-0.4404,0.172,0.69,0.138
-0.7845,0.231,0.769,0.0
-0.7269,0.208,0.749,0.042
-0.9246,0.341,0.611,0.048
-0.8074,0.292,0.588,0.12
-0.7096,0.239,0.761,0.0
-0.6486,0.238,0.676,0.085
-0.8625,0.255,0.745,0.0
-0.5574,0.159,0.739,0.102
-0.7184,0.189,0.74,0.071
-0.7783,0.188,0.767,0.045
-0.8402,0.259,0.71,0.031
-0.0258,0.084,0.836,0.08
-0.6124,0.156,0.844,0.0
-0.1531,0.091,0.839,0.07
-0.128,0.157,0.745,0.098
-0.5994,0.189,0.811,0.0
-0.4939,0.144,0.856,0.0
0.6124,0.041,0.811,0.149
-0.3339,0.112,0.803,0.085
-0.8176,0.275,0.593,0.132
0.5267,0.062,0.772,0.167
-0.34,0.076,0.924,0.0
-0.8779,0.258,0.742,0.0
0.1027,0.112,0.72,0.168
-0.6486,0.184,0.742,0.074
-0.8689,0.293,0.649,0.058
-0.4404,0.183,0.716,0.1
0.0,0.0,1.0,0.0
0.6597,0.0,0.822,0.178
0.4019,0.071,0.84,0.089
-0.6369,0.184,0.714,0.102
-0.6705,0.13,0.87,0.0
-0.8591,0.241,0.706,0.053
-0.8402,0.313,0.573,0.115
-0.9062,0.341,0.586,0.074
-0.8979,0.218,0.782,0.0
0.5106,0.037,0.866,0.097
-0.8689,0.201,0.799,0.0
-0.9287,0.268,0.697,0.035
-0.8555,0.264,0.736,0.0
0.5574,0.0,0.867,0.133
0.8225,0.085,0.676,0.239
-0.5719,0.233,0.665,0.102
0.7391,0.126,0.703,0.17
-0.5719,0.233,0.665,0.102
-0.8555,0.226,0.694,0.08
-0.8625,0.211,0.722,0.067
-0.4588,0.091,0.909,0.0
-0.9274,0.249,0.751,0.0
-0.4215,0.109,0.825,0.066
-0.0423,0.062,0.88,0.058
-0.875,0.313,0.615,0.072
0.3182,0.0,0.931,0.069
-0.0772,0.088,0.831,0.081
0.0,0.0,1.0,0.0
0.25,0.086,0.759,0.155
-0.9451,0.293,0.707,0.0
0.0,0.0,1.0,0.0
0.5859,0.0,0.806,0.194
0.2023,0.126,0.698,0.176
-0.886,0.311,0.689,0.0
0.0,0.0,1.0,0.0
-0.1037,0.111,0.79,0.099
0.0,0.0,1.0,0.0
-0.7783,0.236,0.764,0.0
0.8316,0.0,0.74,0.26
0.0516,0.175,0.672,0.153
-0.8481,0.204,0.796,0.0
-0.926,0.342,0.658,0.0
-0.7351,0.233,0.71,0.057
0.128,0.071,0.817,0.112
-0.4767,0.167,0.771,0.062
-0.8591,0.256,0.688,0.055
-0.3804,0.1,0.837,0.063
-0.5267,0.084,0.916,0.0
-0.2263,0.128,0.872,0.0
-0.7717,0.355,0.498,0.146
0.6597,0.0,0.803,0.197
0.7579,0.0,0.717,0.283
0.8126,0.088,0.667,0.246
-0.765,0.201,0.735,0.064
0.7579,0.042,0.769,0.188
-0.3182,0.152,0.762,0.085
0.1027,0.135,0.689,0.177
-0.8176,0.308,0.61,0.082
-0.7351,0.201,0.747,0.052
-0.6124,0.163,0.775,0.062
0.4404,0.09,0.716,0.194
0.0613,0.13,0.735,0.135
-0.4215,0.1,0.841,0.06
-0.836,0.252,0.708,0.04
-0.8555,0.303,0.572,0.125
-0.7096,0.154,0.814,0.031
0.0,0.074,0.852,0.074
-0.5719,0.126,0.819,0.055
-0.7506,0.198,0.802,0.0
-0.4019,0.1,0.844,0.056
-0.7906,0.276,0.724,0.0
-0.9451,0.435,0.565,0.0
-0.946,0.353,0.647,0.0
-0.8442,0.18,0.82,0.0
0.3182,0.072,0.814,0.114
-0.6705,0.213,0.787,0.0
-0.8271,0.194,0.806,0.0
-0.4939,0.139,0.768,0.093
-0.9081,0.361,0.579,0.061
-0.4404,0.118,0.825,0.057
-0.5423,0.183,0.701,0.116
-0.9618,0.323,0.677,0.0
-0.4767,0.229,0.602,0.169
-0.9382,0.261,0.713,0.026
-0.9349,0.245,0.723,0.032
-0.9756,0.224,0.745,0.03
-0.9349,0.245,0.723,0.032
-0.8555,0.239,0.699,0.061
0.3261,0.162,0.623,0.214
0.5267,0.086,0.742,0.172
-0.875,0.303,0.697,0.0
-0.3818,0.165,0.708,0.127
-0.743,0.178,0.822,0.0
0.0258,0.131,0.735,0.134
-0.6705,0.134,0.866,0.0
-0.128,0.162,0.69,0.149
-0.8658,0.302,0.575,0.123
-0.4404,0.155,0.756,0.089
-0.6705,0.153,0.847,0.0
-0.2023,0.155,0.708,0.137
-0.7579,0.16,0.84,0.0
-0.8957,0.338,0.564,0.098
-0.9317,0.328,0.583,0.088
0.4215,0.0,0.891,0.109
-0.4767,0.177,0.704,0.118
-0.9169,0.373,0.627,0.0
-0.7184,0.227,0.71,0.063
0.7717,0.0,0.801,0.199
-0.4019,0.109,0.853,0.037
-0.802,0.231,0.769,0.0
-0.0516,0.152,0.702,0.146
-0.7783,0.248,0.69,0.062
-0.6249,0.153,0.764,0.083
0.128,0.166,0.635,0.199
-0.5574,0.161,0.695,0.143
-0.5859,0.238,0.622,0.14
-0.7184,0.162,0.838,0.0
-0.6705,0.187,0.752,0.061
-0.296,0.142,0.723,0.135
0.5106,0.0,0.878,0.122
0.128,0.112,0.74,0.148
-0.9648,0.424,0.5,0.076
-0.9062,0.218,0.782,0.0
0.6908,0.0,0.853,0.147
-0.2023,0.079,0.862,0.059
0.128,0.065,0.826,0.109
-0.8957,0.312,0.566,0.121
-0.7579,0.169,0.831,0.0
-0.9201,0.311,0.689,0.0
-0.946,0.355,0.616,0.03
0.3818,0.077,0.746,0.178
-0.6124,0.189,0.699,0.111
-0.34,0.061,0.939,0.0
-0.9382,0.305,0.695,0.0
-0.2263,0.093,0.85,0.057
-0.8867,0.279,0.721,0.0
-0.8271,0.315,0.557,0.128
0.2732,0.067,0.799,0.134
-0.9709,0.424,0.534,0.042
-0.765,0.202,0.798,0.0
-0.6705,0.248,0.673,0.08
0.3612,0.0,0.921,0.079
-0.8446,0.233,0.767,0.0
-0.836,0.279,0.721,0.0
0.25,0.134,0.683,0.183
-0.5994,0.164,0.836,0.0
-0.7937,0.185,0.815,0.0
-0.4588,0.178,0.696,0.126
-0.3182,0.128,0.787,0.085
0.4767,0.093,0.73,0.176
0.0,0.0,1.0,0.0
0.8779,0.0,0.723,0.277
-0.6486,0.155,0.845,0.0
-0.7184,0.169,0.794,0.037
-0.3612,0.145,0.783,0.072
0.0,0.0,1.0,0.0
-0.9403,0.44,0.56,0.0
-0.9282,0.346,0.52,0.134
-0.8271,0.253,0.65,0.097
-0.8176,0.297,0.631,0.072
-0.9432,0.364,0.586,0.05
-0.743,0.245,0.673,0.083
0.0,0.0,1.0,0.0
0.2263,0.105,0.742,0.153
-0.836,0.298,0.602,0.1
-0.4404,0.184,0.74,0.077
-0.4767,0.162,0.838,0.0
-0.5994,0.121,0.836,0.043
-0.8834,0.292,0.708,0.0
-0.6908,0.186,0.814,0.0
-0.0258,0.101,0.827,0.072
-0.8834,0.255,0.745,0.0
0.0,0.0,1.0,0.0
-0.7579,0.213,0.684,0.103
-0.2732,0.174,0.655,0.172
-0.8225,0.197,0.667,0.137
-0.6597,0.148,0.852,0.0
-0.9022,0.345,0.655,0.0
-0.9118,0.28,0.667,0.053
0.0,0.0,1.0,0.0
-0.4019,0.144,0.767,0.089
-0.9186,0.323,0.625,0.052
-0.4588,0.143,0.857,0.0
-0.836,0.22,0.78,0.0
0.3612,0.101,0.725,0.174
0.34,0.09,0.749,0.162
-0.9001,0.3,0.7,0.0
-0.7003,0.324,0.578,0.098
-0.4939,0.176,0.678,0.146
-0.7579,0.194,0.806,0.0
-0.926,0.37,0.571,0.06
-0.296,0.22,0.621,0.158
-0.8338,0.241,0.721,0.039
0.0,0.0,1.0,0.0
-0.8979,0.303,0.629,0.069
-0.3612,0.159,0.754,0.087
-0.891,0.29,0.71,0.0
-0.3182,0.136,0.756,0.108
-0.8779,0.311,0.654,0.035
-0.7845,0.217,0.689,0.094
-0.9217,0.209,0.791,0.0
-0.5859,0.206,0.71,0.084
-0.9555,0.411,0.491,0.098
0.7351,0.0,0.895,0.105
-0.4215,0.141,0.794,0.065
-0.8271,0.199,0.801,0.0
-0.9578,0.314,0.686,0.0
0.2263,0.084,0.774,0.142
0.3818,0.053,0.848,0.099
-0.7717,0.199,0.744,0.057
-0.8316,0.27,0.657,0.073
-0.9371,0.343,0.625,0.032
-0.7003,0.181,0.769,0.049
0.7717,0.0,0.854,0.146
-0.0516,0.184,0.612,0.205
0.1779,0.083,0.753,0.164
-0.765,0.248,0.647,0.106
0.4939,0.066,0.776,0.158
0.6486,0.068,0.741,0.191
-0.4404,0.244,0.585,0.17
-0.5719,0.192,0.703,0.105
-0.3818,0.224,0.586,0.19
0.0516,0.174,0.647,0.179
-0.0772,0.111,0.753,0.136
-0.8176,0.297,0.626,0.077
-0.8176,0.221,0.779,0.0
-0.2382,0.05,0.95,0.0
-0.7506,0.193,0.724,0.083
0.2023,0.129,0.724,0.147
-0.3182,0.102,0.805,0.093
0.25,0.138,0.678,0.185
-0.886,0.305,0.695,0.0
-0.6597,0.23,0.62,0.15
-0.7845,0.167,0.785,0.048
-0.5574,0.217,0.699,0.085
-0.296,0.122,0.815,0.062
-0.5423,0.155,0.761,0.085
0.3182,0.0,0.919,0.081
-0.8126,0.238,0.711,0.051
-0.7964,0.288,0.641,0.071
0.5106,0.198,0.567,0.235
-0.7269,0.252,0.571,0.177
0.2263,0.04,0.873,0.087
-0.7184,0.216,0.693,0.09
-0.6597,0.175,0.767,0.058
-0.8126,0.248,0.678,0.075
-0.4215,0.135,0.809,0.056
-0.7906,0.186,0.741,0.072
-0.1779,0.108,0.776,0.116
-0.8957,0.278,0.722,0.0
-0.8483,0.28,0.594,0.126
-0.8298,0.245,0.755,0.0
0.0,0.0,1.0,0.0
-0.0516,0.138,0.704,0.157
0.5719,0.093,0.69,0.218
-0.6597,0.188,0.741,0.071
-0.8807,0.242,0.758,0.0
-0.7717,0.233,0.659,0.108
0.4215,0.108,0.694,0.199
0.6597,0.097,0.69,0.213
-0.743,0.192,0.743,0.065
0.4767,0.0,0.907,0.093
0.3182,0.041,0.88,0.079
0.3626,0.099,0.712,0.188
-0.2732,0.154,0.754,0.093
-0.872,0.226,0.774,0.0
-0.8979,0.285,0.664,0.051
-0.6369,0.156,0.799,0.045
0.743,0.065,0.677,0.258
-0.802,0.198,0.754,0.048
-0.0258,0.079,0.845,0.076
-0.9022,0.379,0.581,0.04
0.0,0.0,1.0,0.0
-0.6705,0.158,0.842,0.0
-0.9623,0.464,0.477,0.059
-0.7269,0.16,0.84,0.0
-0.5574,0.158,0.775,0.068
-0.7506,0.218,0.718,0.065
0.1779,0.0,0.952,0.048
-0.9118,0.283,0.717,0.0
0.0,0.0,1.0,0.0
0.3818,0.0,0.898,0.102
-0.802,0.231,0.708,0.061
-0.9042,0.306,0.694,0.0
-0.891,0.265,0.735,0.0
-0.9062,0.282,0.664,0.054
-0.9022,0.357,0.495,0.148
-0.34,0.203,0.632,0.166
-0.7717,0.233,0.693,0.075
-0.0085,0.175,0.652,0.174
0.5423,0.0,0.862,0.138
-0.93,0.315,0.685,0.0
0.2023,0.115,0.695,0.19
-0.802,0.285,0.615,0.1
-0.8591,0.26,0.74,0.0
0.5563,0.069,0.753,0.178
-0.6808,0.141,0.859,0.0
-0.1027,0.037,0.963,0.0
0.128,0.053,0.88,0.067
-0.5267,0.215,0.64,0.145
-0.6369,0.183,0.75,0.067
0.0,0.0,1.0,0.0
-0.4215,0.085,0.878,0.037
-0.5766,0.23,0.672,0.098
-0.8807,0.405,0.595,0.0
-0.8176,0.254,0.746,0.0
-0.7351,0.211,0.717,0.072
-0.9136,0.419,0.581,0.0
-0.6369,0.217,0.701,0.083
-0.8271,0.361,0.507,0.131
-0.9118,0.357,0.6,0.042
-0.5267,0.176,0.701,0.122
-0.7184,0.162,0.838,0.0
-0.765,0.159,0.841,0.0
-0.0772,0.112,0.812,0.076
0.2263,0.096,0.751,0.153
-0.4215,0.14,0.745,0.115
-0.1531,0.087,0.843,0.07
-0.4019,0.109,0.823,0.068
-0.802,0.274,0.618,0.108
-0.6705,0.117,0.883,0.0
-0.6705,0.153,0.847,0.0
-0.7351,0.237,0.665,0.098
0.0258,0.087,0.802,0.111
-0.4215,0.156,0.767,0.077
0.4939,0.0,0.904,0.096
-0.9545,0.339,0.661,0.0
0.5859,0.128,0.628,0.244
-0.9501,0.369,0.631,0.0
0.7184,0.126,0.62,0.254
-0.875,0.285,0.672,0.043
0.6369,0.125,0.636,0.239
-0.1027,0.049,0.951,0.0
-0.6808,0.29,0.502,0.208
-0.1901,0.061,0.939,0.0
-0.5574,0.129,0.871,0.0
-0.25,0.176,0.699,0.124
-0.6249,0.164,0.792,0.044
-0.3818,0.176,0.74,0.084
-0.4767,0.134,0.866,0.0
0.5267,0.0,0.898,0.102
0.743,0.0,0.809,0.191
-0.0772,0.158,0.693,0.15
-0.9144,0.311,0.689,0.0
-0.4019,0.135,0.798,0.067
-0.5423,0.15,0.818,0.032
-0.5994,0.269,0.575,0.156
-0.9524,0.274,0.697,0.029
-0.875,0.275,0.725,0.0
-0.6369,0.141,0.822,0.036
-0.9222,0.27,0.73,0.0
-0.9435,0.356,0.644,0.0
-0.8893,0.246,0.684,0.07
-0.9217,0.289,0.711,0.0
-0.7351,0.176,0.824,0.0
0.3182,0.075,0.811,0.114
-0.4767,0.088,0.912,0.0
-0.9758,0.514,0.486,0.0
-0.743,0.174,0.826,0.0
-0.25,0.08,0.92,0.0
0.3879,0.036,0.86,0.104
-0.6369,0.145,0.801,0.054
0.0516,0.142,0.711,0.147
-0.6705,0.134,0.866,0.0
0.3724,0.0,0.926,0.074
-0.34,0.118,0.807,0.075
0.4588,0.0,0.917,0.083
0.4939,0.0,0.881,0.119
0.743,0.073,0.702,0.225
-0.5994,0.176,0.722,0.102
0.6705,0.111,0.735,0.154
-0.5994,0.176,0.722,0.102
0.0772,0.076,0.821,0.104
-0.4019,0.176,0.729,0.094
-0.765,0.197,0.803,0.0
0.3182,0.0,0.909,0.091
-0.0258,0.125,0.752,0.123
-0.4588,0.124,0.809,0.066
-0.8625,0.212,0.788,0.0
-0.7506,0.215,0.785,0.0
-0.2023,0.152,0.714,0.134
0.7269,0.0,0.809,0.191
0.6249,0.0,0.792,0.208
-0.6369,0.188,0.812,0.0
-0.1027,0.105,0.829,0.066
-0.8442,0.223,0.743,0.034
-0.9231,0.314,0.686,0.0
-0.8555,0.293,0.6,0.107
-0.3818,0.124,0.772,0.104
-0.946,0.297,0.68,0.023
-0.9274,0.283,0.717,0.0
-0.9042,0.312,0.605,0.083
-0.6124,0.207,0.707,0.085
-0.926,0.377,0.623,0.0
-0.0258,0.129,0.688,0.183
-0.8176,0.321,0.679,0.0
-0.9186,0.275,0.725,0.0
-0.9001,0.324,0.676,0.0
-0.6808,0.176,0.771,0.053
-0.8689,0.318,0.608,0.075
-0.8779,0.279,0.655,0.066
-0.6369,0.192,0.746,0.062
0.5423,0.0,0.847,0.153
-0.6705,0.166,0.796,0.037
-0.7269,0.226,0.716,0.058
0.1779,0.052,0.827,0.121
-0.9136,0.281,0.719,0.0
-0.7351,0.206,0.747,0.046
-0.7269,0.217,0.783,0.0
-0.2023,0.166,0.691,0.144
-0.8957,0.252,0.748,0.0
-0.5267,0.165,0.776,0.059
-0.7269,0.148,0.852,0.0
-0.765,0.253,0.628,0.119
-0.2732,0.102,0.831,0.067
-0.9698,0.376,0.593,0.031
-0.9246,0.383,0.465,0.152
0.1531,0.056,0.873,0.071
-0.891,0.287,0.637,0.076
-0.3182,0.17,0.746,0.085
0.6486,0.078,0.709,0.213
-0.886,0.272,0.664,0.064
-0.6705,0.134,0.866,0.0
-0.7003,0.177,0.823,0.0
-0.9153,0.316,0.655,0.029
-0.9485,0.341,0.659,0.0
-0.128,0.175,0.693,0.133
-0.8591,0.197,0.778,0.025
0.4019,0.063,0.82,0.117
-0.0258,0.159,0.706,0.135
-0.8176,0.246,0.686,0.069
-0.4019,0.12,0.794,0.086
-0.6705,0.153,0.847,0.0
-0.9485,0.328,0.672,0.0
0.0,0.0,1.0,0.0
0.0772,0.15,0.649,0.201
-0.7783,0.163,0.837,0.0
-0.0772,0.214,0.557,0.229
-0.7964,0.218,0.713,0.069
-0.8126,0.218,0.633,0.148
-0.7964,0.218,0.713,0.069
-0.2732,0.188,0.657,0.155
-0.7003,0.249,0.673,0.079
-0.0258,0.083,0.854,0.063
0.0,0.0,1.0,0.0
-0.9153,0.296,0.592,0.112
-0.8225,0.21,0.729,0.061
-0.9136,0.312,0.688,0.0
-0.743,0.23,0.643,0.127
-0.9136,0.297,0.703,0.0
-0.4019,0.066,0.934,0.0
-0.1027,0.141,0.729,0.13
-0.4019,0.094,0.906,0.0
0.0,0.107,0.786,0.107
-0.743,0.275,0.578,0.147
-0.631,0.241,0.627,0.132
-0.7003,0.188,0.752,0.06
-0.4588,0.14,0.811,0.05
0.0516,0.164,0.692,0.144
-0.7579,0.292,0.554,0.154
-0.4215,0.087,0.87,0.043
-0.8442,0.278,0.629,0.093
-0.0,0.175,0.678,0.147
-0.9698,0.453,0.547,0.0
0.7184,0.108,0.672,0.22
-0.25,0.092,0.816,0.092
-0.4019,0.188,0.654,0.158
-0.9153,0.369,0.563,0.068
-0.9382,0.267,0.612,0.121
-0.6908,0.222,0.705,0.073
-0.6486,0.202,0.798,0.0
0.0258,0.134,0.73,0.136
0.8316,0.057,0.722,0.22
-0.7996,0.177,0.79,0.034
-0.3818,0.166,0.711,0.124
-0.6705,0.138,0.862,0.0
-0.6705,0.17,0.83,0.0
-0.4939,0.088,0.912,0.0
-0.8957,0.293,0.707,0.0
-0.4767,0.195,0.663,0.141
-0.4939,0.237,0.612,0.152
0.6908,0.071,0.729,0.2
-0.5574,0.181,0.7,0.118
-0.8074,0.22,0.749,0.031
-0.6369,0.17,0.764,0.067
-0.8481,0.266,0.697,0.037
0.9081,0.0,0.644,0.356
0.3182,0.098,0.757,0.145
0.9432,0.031,0.612,0.357
-0.8591,0.302,0.698,0.0
-0.8555,0.299,0.594,0.107
-0.9136,0.297,0.659,0.044
-0.6798,0.203,0.692,0.104
-0.4404,0.166,0.725,0.109
-0.1372,0.132,0.764,0.104
0.4939,0.102,0.698,0.2
0.7351,0.056,0.754,0.19
-0.7906,0.229,0.684,0.087
0.4215,0.075,0.754,0.171
0.4939,0.0,0.884,0.116
-0.6597,0.183,0.734,0.083
-0.1376,0.082,0.854,0.064
-0.5423,0.184,0.695,0.122
-0.8126,0.203,0.797,0.0
0.4939,0.0,0.873,0.127
-0.0258,0.111,0.751,0.138
-0.7506,0.209,0.687,0.104
-0.4767,0.091,0.909,0.0
0.5267,0.0,0.907,0.093
0.7269,0.03,0.771,0.198
-0.6908,0.144,0.856,0.0
0.2732,0.0,0.943,0.057
0.0258,0.128,0.741,0.131
0.4215,0.1,0.71,0.19
0.2023,0.0,0.942,0.058
-0.765,0.272,0.603,0.125
0.25,0.074,0.824,0.103
-0.8841,0.331,0.554,0.116
0.5267,0.106,0.652,0.242
-0.7269,0.205,0.742,0.053
-0.7003,0.309,0.593,0.098
-0.9325,0.357,0.534,0.109
0.4019,0.0,0.922,0.078
-0.8957,0.267,0.691,0.041
0.5719,0.103,0.686,0.211
0.1779,0.139,0.681,0.18
-0.9246,0.323,0.677,0.0
-0.8074,0.216,0.743,0.041
0.128,0.097,0.769,0.134
0.5106,0.0,0.904,0.096
0.5859,0.053,0.829,0.118
0.2732,0.0,0.905,0.095
-0.9313,0.315,0.634,0.051
0.0,0.0,1.0,0.0
-0.8402,0.206,0.76,0.034
-0.6124,0.162,0.784,0.054
-0.7906,0.263,0.698,0.039
-0.9468,0.417,0.55,0.033
-0.4767,0.103,0.897,0.0
-0.7351,0.223,0.726,0.05
-0.4767,0.086,0.914,0.0
0.296,0.037,0.868,0.095
-0.91,0.331,0.61,0.059
-0.4404,0.172,0.702,0.126
-0.9062,0.311,0.689,0.0
-0.912,0.371,0.577,0.052
-0.0258,0.095,0.812,0.092
-0.128,0.064,0.858,0.078
0.2023,0.152,0.654,0.194
-0.91,0.329,0.615,0.057
-0.7717,0.207,0.704,0.089
-0.8885,0.307,0.693,0.0
-0.5267,0.169,0.736,0.095
-0.5574,0.126,0.874,0.0
0.2263,0.073,0.794,0.133
-0.8225,0.212,0.731,0.057
0.3182,0.0,0.916,0.084
-0.6124,0.229,0.637,0.134
0.4404,0.131,0.677,0.192
-0.7906,0.175,0.825,0.0
0.0387,0.088,0.818,0.093
0.0258,0.036,0.925,0.039
-0.9081,0.286,0.714,0.0
0.2732,0.076,0.801,0.124
-0.8658,0.191,0.809,0.0
-0.967,0.383,0.617,0.0
0.4767,0.146,0.64,0.214
-0.9022,0.291,0.709,0.0
-0.8442,0.19,0.81,0.0
-0.9618,0.424,0.576,0.0
-0.7579,0.26,0.609,0.131
-0.1027,0.11,0.813,0.077
0.34,0.066,0.8,0.134
-0.8225,0.187,0.813,0.0
0.34,0.061,0.81,0.128
-0.3182,0.102,0.852,0.046
-0.5267,0.177,0.752,0.07
-0.9081,0.323,0.677,0.0
-0.6369,0.199,0.723,0.078
-0.7579,0.149,0.851,0.0
-0.8126,0.257,0.673,0.07
-0.0258,0.06,0.883,0.057
-0.3818,0.226,0.58,0.194
-0.0258,0.129,0.745,0.126
-0.7506,0.147,0.808,0.045
0.2023,0.102,0.775,0.123
-0.1027,0.082,0.847,0.071
0.1531,0.17,0.625,0.205
-0.0258,0.084,0.837,0.079
-0.8885,0.288,0.641,0.071
-0.4019,0.135,0.781,0.084
0.0772,0.0,0.962,0.038
-0.3182,0.193,0.668,0.138
-0.4404,0.081,0.919,0.0
-0.9716,0.523,0.477,0.0
0.296,0.167,0.616,0.217
-0.8126,0.298,0.622,0.08
-0.802,0.263,0.604,0.133
-0.0772,0.176,0.634,0.19
-0.9186,0.371,0.629,0.0
-0.836,0.294,0.592,0.114
-0.34,0.07,0.93,0.0
0.2732,0.101,0.755,0.145
-0.875,0.225,0.775,0.0
0.2944,0.05,0.861,0.089
-0.8442,0.231,0.769,0.0
-0.8402,0.299,0.603,0.098
-0.8658,0.264,0.736,0.0
-0.5267,0.102,0.898,0.0
-0.7149,0.252,0.618,0.129
-0.7184,0.146,0.854,0.0
-0.765,0.16,0.774,0.066
-0.9756,0.457,0.543,0.0
-0.6705,0.114,0.886,0.0
-0.296,0.111,0.808,0.081
-0.9246,0.379,0.621,0.0
-0.5267,0.136,0.804,0.06
-0.6369,0.156,0.781,0.062
-0.7096,0.202,0.755,0.043
0.4767,0.104,0.687,0.209
-0.3182,0.152,0.759,0.089
0.5859,0.0,0.873,0.127
-0.7717,0.191,0.758,0.051
-0.9729,0.407,0.593,0.0
-0.8126,0.208,0.792,0.0
-0.765,0.233,0.681,0.086
0.5096,0.0,0.909,0.091
0.1531,0.069,0.812,0.119
-0.4019,0.126,0.781,0.093
-0.296,0.127,0.798,0.075
0.7096,0.0,0.831,0.169
-0.34,0.091,0.909,0.0
0.2263,0.077,0.797,0.126
-0.8555,0.227,0.773,0.0
-0.7506,0.224,0.656,0.12
-0.886,0.304,0.625,0.071
-0.8176,0.261,0.672,0.067
-0.886,0.361,0.553,0.087
-0.3818,0.118,0.882,0.0
-0.9042,0.264,0.736,0.0
-0.7579,0.235,0.716,0.049
-0.4588,0.139,0.802,0.059
0.0,0.0,1.0,0.0
-0.3818,0.082,0.918,0.0
-0.8834,0.329,0.671,0.0
-0.6249,0.238,0.595,0.167
-0.9042,0.303,0.697,0.0
-0.296,0.139,0.766,0.095
-0.8591,0.301,0.649,0.05
0.0772,0.072,0.847,0.081
-0.765,0.209,0.791,0.0
-0.3415,0.134,0.792,0.074
-0.765,0.196,0.804,0.0
0.5423,0.0,0.881,0.119
-0.2732,0.153,0.751,0.097
0.2732,0.063,0.845,0.093
-0.5574,0.145,0.777,0.078
-0.5994,0.119,0.881,0.0
0.0,0.0,1.0,0.0
0.4019,0.0,0.915,0.085
0.4157,0.063,0.739,0.198
-0.91,0.337,0.602,0.06
-0.2023,0.105,0.816,0.078
0.0,0.0,1.0,0.0
-0.7003,0.259,0.608,0.132
-0.4404,0.126,0.874,0.0
-0.5423,0.134,0.866,0.0
0.3818,0.0,0.912,0.088
-0.4404,0.181,0.73,0.089
-0.128,0.121,0.743,0.136
0.7579,0.0,0.783,0.217
-0.8442,0.28,0.72,0.0
-0.6908,0.139,0.861,0.0
0.128,0.103,0.738,0.159
-0.7783,0.187,0.813,0.0
-0.836,0.213,0.736,0.051
-0.5994,0.159,0.841,0.0
-0.0258,0.136,0.769,0.095
-0.872,0.275,0.672,0.053
-0.9231,0.429,0.571,0.0
-0.7717,0.198,0.765,0.037
0.0516,0.097,0.8,0.103
0.0772,0.098,0.795,0.107
0.7579,0.0,0.843,0.157
0.0,0.0,1.0,0.0
-0.4654,0.122,0.812,0.067
-0.34,0.094,0.906,0.0
-0.765,0.163,0.837,0.0
0.5106,0.0,0.837,0.163
-0.4019,0.204,0.68,0.117
-0.6486,0.194,0.806,0.0
0.0876,0.111,0.765,0.123
0.4215,0.0,0.882,0.118
-0.6705,0.148,0.852,0.0
0.296,0.0,0.894,0.106
-0.0772,0.202,0.604,0.193
-0.1531,0.132,0.786,0.082
-0.2617,0.171,0.713,0.115
-0.9231,0.376,0.554,0.069
-0.1935,0.131,0.765,0.104
-0.7783,0.224,0.776,0.0
0.5859,0.0,0.849,0.151
0.0,0.0,1.0,0.0
0.2732,0.0,0.916,0.084
0.3447,0.078,0.772,0.15
-0.4019,0.097,0.903,0.0
0.0772,0.08,0.797,0.123
0.4019,0.0,0.917,0.083
-0.34,0.105,0.895,0.0
-0.7189,0.24,0.694,0.066
0.0258,0.066,0.866,0.069
-0.4767,0.146,0.78,0.075
-0.4939,0.151,0.775,0.074
-0.5106,0.152,0.848,0.0
0.2023,0.0,0.924,0.076
-0.3252,0.08,0.92,0.0
-0.91,0.324,0.676,0.0
-0.4215,0.144,0.738,0.117
-0.7845,0.21,0.79,0.0
-0.7579,0.168,0.785,0.047
-0.5423,0.132,0.868,0.0
-0.9501,0.369,0.631,0.0
-0.7269,0.223,0.721,0.056
-0.5423,0.163,0.837,0.0
-0.8625,0.202,0.765,0.033
-0.5423,0.163,0.837,0.0
-0.8481,0.203,0.746,0.05
-0.91,0.38,0.62,0.0
-0.9371,0.431,0.569,0.0
-0.7845,0.226,0.774,0.0
-0.128,0.051,0.949,0.0
-0.9325,0.299,0.659,0.042
0.0516,0.075,0.844,0.081
0.0,0.0,1.0,0.0
0.3818,0.0,0.898,0.102
0.128,0.201,0.615,0.184
-0.0258,0.102,0.767,0.131
-0.7096,0.209,0.716,0.074
-0.8934,0.26,0.69,0.049
-0.4215,0.156,0.767,0.077
-0.7717,0.157,0.807,0.036
-0.7579,0.228,0.772,0.0
0.0772,0.073,0.842,0.084
0.0,0.0,1.0,0.0
0.3818,0.065,0.794,0.141
-0.8519,0.263,0.737,0.0
0.3612,0.0,0.923,0.077
0.1779,0.0,0.957,0.043
-0.8555,0.302,0.625,0.073
-0.7351,0.246,0.629,0.126
-0.2023,0.063,0.889,0.047
0.4019,0.0,0.932,0.068
0.0,0.0,1.0,0.0
-0.7003,0.209,0.791,0.0
0.7964,0.0,0.748,0.252
-0.6124,0.197,0.727,0.076
0.0,0.0,1.0,0.0
-0.6597,0.242,0.683,0.075
-0.5106,0.194,0.676,0.13
-0.2263,0.17,0.721,0.108
-0.2263,0.18,0.712,0.109
-0.8225,0.29,0.628,0.082
-0.3612,0.182,0.684,0.134
-0.7269,0.21,0.79,0.0
0.0,0.0,1.0,0.0
-0.6633,0.146,0.854,0.0
0.1027,0.0,0.957,0.043
-0.8271,0.244,0.756,0.0
-0.8225,0.22,0.78,0.0
-0.7906,0.25,0.75,0.0
-0.8625,0.314,0.686,0.0
-0.6808,0.24,0.65,0.11
-0.5574,0.118,0.882,0.0
-0.8658,0.361,0.539,0.1
-0.8126,0.267,0.661,0.071
0.0,0.089,0.823,0.089
0.0258,0.0,0.962,0.038
-0.3182,0.215,0.606,0.179
-0.8225,0.241,0.759,0.0
-0.5267,0.129,0.871,0.0
-0.296,0.113,0.887,0.0
0.25,0.034,0.907,0.059
-0.7579,0.22,0.78,0.0
-0.5267,0.134,0.804,0.062
-0.7783,0.228,0.772,0.0
-0.9153,0.372,0.55,0.077
-0.8531,0.335,0.574,0.091
-0.25,0.143,0.774,0.083
0.5574,0.0,0.839,0.161
-0.8126,0.368,0.521,0.11
-0.6705,0.134,0.866,0.0
-0.7845,0.265,0.614,0.12
0.8271,0.061,0.665,0.274
0.2023,0.172,0.633,0.195
0.8271,0.061,0.665,0.274
-0.9601,0.41,0.499,0.091
-0.8442,0.319,0.56,0.12
-0.8885,0.315,0.685,0.0
-0.8225,0.233,0.767,0.0
-0.8834,0.339,0.661,0.0
-0.4939,0.151,0.849,0.0
-0.4215,0.144,0.788,0.068
0.0,0.0,1.0,0.0
-0.3208,0.213,0.665,0.122
-0.836,0.282,0.681,0.037
-0.6705,0.13,0.87,0.0
-0.8934,0.333,0.602,0.065
-0.6597,0.19,0.81,0.0
0.3612,0.158,0.578,0.264
-0.6199,0.176,0.824,0.0
-0.8271,0.274,0.726,0.0
-0.4367,0.244,0.645,0.112
0.4404,0.0,0.855,0.145
-0.5994,0.119,0.881,0.0
-0.802,0.272,0.728,0.0
0.25,0.065,0.845,0.089
-0.4027,0.102,0.853,0.044
-0.9744,0.4,0.572,0.028
-0.8957,0.244,0.732,0.024
0.1531,0.104,0.738,0.158
-0.7964,0.131,0.869,0.0
-0.6597,0.147,0.772,0.081
-0.91,0.14,0.82,0.04
-0.5423,0.149,0.755,0.096
-0.0772,0.093,0.795,0.112
-0.4798,0.211,0.686,0.103
-0.8225,0.284,0.622,0.095
-0.6808,0.198,0.734,0.068
0.3182,0.0,0.919,0.081
-0.2732,0.143,0.774,0.083
0.4019,0.0,0.912,0.088
-0.4767,0.11,0.89,0.0
-0.4404,0.104,0.896,0.0
-0.34,0.222,0.619,0.16
-0.5106,0.152,0.774,0.074
-0.765,0.194,0.754,0.052
-0.8588,0.254,0.746,0.0
-0.8779,0.246,0.754,0.0
-0.6597,0.178,0.755,0.067
-0.5859,0.183,0.743,0.074
-0.7717,0.165,0.835,0.0
0.0,0.0,1.0,0.0
-0.7579,0.157,0.843,0.0
0.6249,0.073,0.729,0.198
-0.7579,0.246,0.754,0.0
-0.8625,0.294,0.706,0.0
-0.9062,0.406,0.594,0.0
-0.7906,0.269,0.652,0.079
-0.8442,0.182,0.818,0.0
-0.5984,0.129,0.831,0.04
0.5267,0.074,0.738,0.188
0.1779,0.06,0.857,0.083
-0.5423,0.119,0.881,0.0
-0.9643,0.436,0.462,0.102
0.4588,0.122,0.649,0.23
0.0,0.0,1.0,0.0
-0.0516,0.04,0.96,0.0
0.0772,0.0,0.952,0.048
-0.8979,0.34,0.66,0.0
-0.4939,0.078,0.922,0.0
-0.4215,0.124,0.801,0.075
-0.8074,0.265,0.735,0.0
-0.4939,0.091,0.909,0.0
-0.0258,0.137,0.669,0.195
-0.8591,0.312,0.613,0.075
0.5859,0.092,0.658,0.25
-0.3544,0.149,0.778,0.073
-0.8625,0.262,0.738,0.0
-0.25,0.128,0.774,0.098
0.2732,0.076,0.79,0.134
-0.875,0.278,0.722,0.0
-0.0258,0.154,0.725,0.121
-0.6369,0.158,0.78,0.062
-0.9042,0.345,0.607,0.049
-0.7906,0.2,0.8,0.0
-0.8519,0.261,0.699,0.04
-0.6486,0.129,0.871,0.0
0.4767,0.061,0.758,0.181
-0.4939,0.127,0.873,0.0
-0.6705,0.193,0.807,0.0
0.0,0.0,1.0,0.0
-0.2263,0.117,0.763,0.12
0.5719,0.0,0.879,0.121
0.4215,0.065,0.813,0.122
0.7003,0.0,0.823,0.177
0.0,0.0,1.0,0.0
0.3818,0.07,0.769,0.161
-0.8353,0.241,0.759,0.0
-0.6705,0.209,0.791,0.0
-0.2732,0.19,0.692,0.118
0.0,0.0,1.0,0.0
0.0,0.0,1.0,0.0
-0.5994,0.204,0.796,0.0
0.34,0.087,0.727,0.186
-0.0772,0.162,0.722,0.116
-0.296,0.084,0.916,0.0
-0.2263,0.11,0.776,0.113
-0.5994,0.164,0.836,0.0
-0.3182,0.157,0.72,0.123
-0.2732,0.221,0.56,0.219
-0.6369,0.178,0.769,0.053
0.1531,0.0,0.94,0.06
0.0,0.0,1.0,0.0
-0.5267,0.108,0.892,0.0
-0.1531,0.089,0.838,0.073
-0.7003,0.236,0.681,0.084
0.0,0.0,1.0,0.0
-0.7964,0.269,0.731,0.0
-0.4404,0.097,0.903,0.0
-0.6705,0.193,0.807,0.0
-0.7906,0.219,0.781,0.0
0.0,0.0,1.0,0.0
0.1779,0.189,0.603,0.208
0.0,0.0,1.0,0.0
-0.6705,0.166,0.801,0.033
-0.5859,0.179,0.821,0.0
-0.4939,0.091,0.909,0.0
-0.8625,0.348,0.652,0.0
-0.7096,0.246,0.662,0.091
0.6369,0.0,0.816,0.184
0.1027,0.056,0.873,0.071
-0.5423,0.185,0.7,0.115
0.7579,0.0,0.73,0.27
-0.8225,0.233,0.767,0.0
-0.6124,0.161,0.839,0.0
-0.7579,0.206,0.794,0.0
0.3182,0.0,0.883,0.117
-0.5994,0.126,0.874,0.0
-0.3818,0.067,0.876,0.057
0.2732,0.068,0.8,0.132
0.4215,0.066,0.783,0.151
-0.6249,0.188,0.812,0.0
0.0,0.0,1.0,0.0
0.3612,0.0,0.915,0.085
0.6705,0.0,0.825,0.175
-0.9062,0.326,0.603,0.071
-0.6908,0.264,0.638,0.099
-0.8176,0.19,0.81,0.0
-0.3612,0.067,0.933,0.0
-0.4767,0.121,0.83,0.048
-0.6705,0.164,0.836,0.0
-0.9136,0.345,0.655,0.0
0.1779,0.076,0.826,0.098
0.0258,0.1,0.796,0.103
-0.34,0.079,0.921,0.0
-0.4019,0.135,0.781,0.084
-0.8271,0.222,0.778,0.0
-0.886,0.289,0.711,0.0
-0.4019,0.24,0.539,0.221
-0.6705,0.143,0.857,0.0
-0.8402,0.287,0.625,0.088
0.3818,0.0,0.912,0.088
-0.802,0.288,0.647,0.065
-0.7964,0.238,0.762,0.0
-0.5267,0.124,0.876,0.0
0.128,0.072,0.841,0.087
0.2263,0.073,0.825,0.102
-0.4537,0.197,0.657,0.145
-0.8176,0.278,0.608,0.114
-0.1027,0.113,0.792,0.096
0.4767,0.0,0.897,0.103
0.3182,0.0,0.922,0.078
0.4019,0.0,0.903,0.097
-0.0258,0.136,0.706,0.158
-0.4939,0.066,0.934,0.0
0.5994,0.0,0.851,0.149
-0.2263,0.13,0.769,0.1
-0.5574,0.185,0.741,0.074
-0.7783,0.207,0.793,0.0
-0.4404,0.178,0.677,0.144
-0.4588,0.107,0.893,0.0
-0.4019,0.088,0.912,0.0
-0.0772,0.093,0.825,0.082
-0.875,0.27,0.69,0.04
0.3612,0.0,0.909,0.091
0.6597,0.071,0.649,0.279
-0.4588,0.147,0.801,0.051
-0.34,0.091,0.909,0.0
-0.7996,0.217,0.742,0.041
-0.6705,0.158,0.842,0.0
-0.7717,0.188,0.812,0.0
-0.4767,0.107,0.893,0.0
-0.2023,0.06,0.94,0.0
-0.4767,0.101,0.861,0.039
0.3612,0.109,0.708,0.183
0.5423,0.0,0.899,0.101
0.0,0.0,1.0,0.0
0.0772,0.0,0.956,0.044
0.0,0.0,1.0,0.0
0.0,0.062,0.877,0.062
-0.0258,0.123,0.789,0.088
-0.6705,0.148,0.852,0.0
-0.7845,0.24,0.76,0.0
0.0,0.0,1.0,0.0
-0.0258,0.074,0.854,0.072
-0.4019,0.094,0.906,0.0
0.7096,0.084,0.653,0.264
-0.9042,0.331,0.635,0.034
-0.4767,0.121,0.814,0.066
-0.9169,0.381,0.619,0.0
-0.3818,0.162,0.772,0.066
-0.9485,0.404,0.596,0.0
-0.34,0.196,0.667,0.137
0.34,0.085,0.755,0.16
0.4767,0.0,0.823,0.177
-0.7506,0.181,0.819,0.0
-0.9042,0.296,0.704,0.0
-0.5719,0.19,0.729,0.082
0.0,0.0,1.0,0.0
-0.7579,0.251,0.687,0.062
0.1531,0.0,0.932,0.068
-0.4588,0.141,0.778,0.081
0.8658,0.191,0.417,0.392
0.0,0.136,0.728,0.136
-0.9062,0.333,0.608,0.058
0.128,0.079,0.824,0.097
0.4404,0.049,0.836,0.115
-0.9799,0.571,0.429,0.0
-0.4404,0.094,0.906,0.0
0.4215,0.098,0.698,0.204
-0.296,0.078,0.922,0.0
-0.8779,0.28,0.72,0.0
-0.296,0.116,0.804,0.08
0.0,0.0,1.0,0.0
-0.2732,0.091,0.909,0.0
0.5574,0.0,0.878,0.122
-0.9393,0.394,0.606,0.0
-0.9493,0.496,0.504,0.0
0.0,0.0,1.0,0.0
0.3818,0.069,0.781,0.15
-0.4215,0.091,0.909,0.0
-0.4215,0.138,0.812,0.05
0.0,0.0,1.0,0.0
-0.296,0.19,0.677,0.133
-0.6597,0.249,0.61,0.141
-0.4767,0.141,0.859,0.0
0.0,0.0,1.0,0.0
0.34,0.0,0.921,0.079
-0.6597,0.213,0.711,0.076
0.4019,0.076,0.784,0.14
0.7885,0.06,0.7,0.24
0.0,0.0,1.0,0.0
-0.0258,0.12,0.762,0.118
0.4767,0.075,0.752,0.172
0.8625,0.049,0.677,0.273
-0.5994,0.133,0.867,0.0
0.25,0.098,0.744,0.158
0.3818,0.0,0.906,0.094
-0.2263,0.087,0.913,0.0
0.0,0.0,1.0,0.0
0.4767,0.0,0.881,0.119
-0.9349,0.307,0.693,0.0
-0.8979,0.354,0.58,0.066
-0.5047,0.215,0.642,0.142
-0.8834,0.3,0.7,0.0
0.7184,0.0,0.824,0.176
-0.9186,0.353,0.647,0.0
-0.9287,0.373,0.627,0.0
-0.7845,0.187,0.813,0.0
0.7906,0.047,0.702,0.251
0.4019,0.096,0.732,0.172
0.5994,0.0,0.836,0.164
0.34,0.0,0.912,0.088
-0.8648,0.335,0.587,0.077
0.0,0.0,1.0,0.0
-0.743,0.241,0.759,0.0
-0.886,0.191,0.809,0.0
-0.2023,0.168,0.73,0.102
-0.6124,0.217,0.723,0.06
0.0351,0.112,0.772,0.115
-0.0258,0.065,0.872,0.062
-0.4019,0.201,0.65,0.149
-0.5267,0.102,0.898,0.0
-0.5994,0.208,0.703,0.089
-0.296,0.068,0.932,0.0
-0.4215,0.088,0.912,0.0
-0.836,0.235,0.765,0.0
-0.3818,0.091,0.909,0.0
-0.926,0.451,0.446,0.103
-0.9442,0.296,0.646,0.058
-0.926,0.451,0.446,0.103
-0.8885,0.339,0.612,0.049
-0.5994,0.087,0.913,0.0
-0.836,0.176,0.824,0.0
-0.4959,0.203,0.734,0.063
-0.5719,0.121,0.879,0.0
-0.6705,0.175,0.825,0.0
-0.4939,0.189,0.714,0.097
0.0,0.0,1.0,0.0
0.0,0.0,1.0,0.0
-0.4767,0.107,0.893,0.0
-0.6458,0.25,0.607,0.142
-0.765,0.202,0.798,0.0
-0.6486,0.259,0.576,0.164
0.0772,0.0,0.956,0.044
0.0,0.0,1.0,0.0
-0.25,0.09,0.819,0.09
0.2144,0.0,0.958,0.042
-0.5719,0.098,0.902,0.0
-0.8519,0.221,0.731,0.048
-0.9081,0.305,0.657,0.038
-0.6901,0.25,0.558,0.192
-0.91,0.333,0.667,0.0
-0.8979,0.347,0.606,0.047
-0.7845,0.172,0.828,0.0
-0.1027,0.073,0.867,0.06
0.4284,0.073,0.77,0.157
-0.4588,0.107,0.833,0.06
-0.765,0.203,0.703,0.094
-0.2732,0.208,0.632,0.16
-0.2621,0.081,0.839,0.08
0.128,0.153,0.67,0.177
-0.6705,0.17,0.83,0.0
0.128,0.0,0.943,0.057
-0.5106,0.175,0.759,0.066
-0.9217,0.363,0.558,0.079
-0.296,0.053,0.947,0.0
-0.7717,0.18,0.772,0.048
-0.4215,0.097,0.844,0.058
-0.3109,0.206,0.611,0.182
0.7125,0.09,0.668,0.242
0.4588,0.079,0.758,0.163
0.186,0.169,0.67,0.161
0.694,0.066,0.694,0.239
-0.5859,0.119,0.881,0.0
-0.802,0.247,0.753,0.0
0.2755,0.0,0.925,0.075
-0.7783,0.228,0.772,0.0
0.0,0.083,0.833,0.083
-0.7351,0.234,0.719,0.047
0.34,0.0,0.915,0.085
0.25,0.0,0.935,0.065
-0.9246,0.361,0.574,0.065
-0.128,0.165,0.684,0.151
0.7906,0.0,0.759,0.241
0.0,0.0,1.0,0.0
0.5719,0.0,0.887,0.113
-0.6705,0.227,0.693,0.08
0.5267,0.091,0.686,0.223
-0.6908,0.095,0.905,0.0
0.0,0.155,0.691,0.155
-0.4588,0.107,0.893,0.0
-0.886,0.289,0.711,0.0
-0.0258,0.106,0.792,0.102
-0.7783,0.207,0.793,0.0
0.7096,0.0,0.79,0.21
-0.5267,0.177,0.749,0.075
0.3612,0.09,0.766,0.144
-0.5267,0.177,0.749,0.075
-0.9477,0.414,0.552,0.034
-0.8402,0.316,0.564,0.12
0.8979,0.0,0.709,0.291
0.4767,0.0,0.9,0.1
0.0,0.0,1.0,0.0
0.128,0.074,0.805,0.121
0.0,0.0,1.0,0.0
0.1124,0.134,0.698,0.168
0.0,0.0,1.0,0.0
-0.7269,0.213,0.727,0.06
-0.7237,0.244,0.677,0.079
-0.9217,0.348,0.619,0.034
0.34,0.0,0.888,0.112
-0.6705,0.17,0.83,0.0
0.4019,0.0,0.909,0.091
-0.6997,0.2,0.75,0.05
0.128,0.087,0.781,0.132
-0.7506,0.204,0.796,0.0
-0.7269,0.179,0.821,0.0
0.4215,0.0,0.906,0.094
-0.886,0.38,0.62,0.0
0.296,0.0,0.937,0.062
0.7506,0.0,0.764,0.236
-0.4767,0.097,0.903,0.0
0.6486,0.0,0.868,0.132
-0.1027,0.144,0.697,0.159
-0.0516,0.064,0.878,0.059
-0.1531,0.107,0.781,0.112
0.0258,0.117,0.736,0.147
-0.128,0.06,0.897,0.043
-0.0258,0.107,0.726,0.167
-0.2263,0.14,0.748,0.112
-0.4767,0.091,0.909,0.0
-0.8957,0.304,0.696,0.0
0.1779,0.075,0.813,0.112
-0.8707,0.287,0.713,0.0
-0.7096,0.16,0.84,0.0
-0.4939,0.113,0.887,0.0
-0.6597,0.145,0.799,0.055
0.6608,0.05,0.794,0.155
-0.9628,0.498,0.409,0.093
0.0,0.0,1.0,0.0
-0.6705,0.195,0.748,0.057
-0.4767,0.15,0.752,0.098
-0.6705,0.217,0.651,0.133
-0.5994,0.126,0.874,0.0
0.1779,0.0,0.881,0.119
-0.34,0.082,0.918,0.0
-0.34,0.13,0.751,0.118
-0.0258,0.081,0.841,0.078
-0.7003,0.153,0.847,0.0
0.5574,0.065,0.735,0.2
-0.5719,0.209,0.673,0.118
-0.6705,0.148,0.852,0.0
-0.2732,0.155,0.759,0.086
-0.7096,0.219,0.781,0.0
-0.7717,0.235,0.664,0.101
0.6369,0.039,0.778,0.183
0.0,0.0,1.0,0.0
0.6408,0.07,0.753,0.177
-0.1531,0.087,0.844,0.069
0.6486,0.0,0.85,0.15
-0.7506,0.209,0.791,0.0
0.8555,0.158,0.45,0.392
0.296,0.144,0.678,0.178
0.3612,0.0,0.918,0.082
-0.7003,0.235,0.648,0.117
0.5719,0.0,0.896,0.104
-0.4404,0.088,0.912,0.0
0.0,0.0,1.0,0.0
-0.7003,0.201,0.799,0.0
-0.4215,0.078,0.922,0.0
0.6249,0.094,0.656,0.249
-0.8779,0.296,0.643,0.062
-0.4588,0.167,0.833,0.0
-0.296,0.096,0.843,0.06
-0.5574,0.189,0.811,0.0
0.1027,0.09,0.787,0.123
-0.34,0.259,0.567,0.174
-0.4019,0.09,0.871,0.039
0.0258,0.0,0.962,0.038
-0.9001,0.296,0.649,0.055
-0.7003,0.198,0.749,0.054
0.3182,0.0,0.909,0.091
0.5423,0.168,0.559,0.273
-0.8519,0.254,0.708,0.038
-0.8074,0.223,0.777,0.0
-0.5267,0.227,0.664,0.108
-0.8934,0.228,0.724,0.048
-0.8625,0.262,0.738,0.0
0.7184,0.0,0.818,0.182
0.4019,0.0,0.915,0.085
0.1027,0.075,0.839,0.087
0.0258,0.144,0.709,0.147
-0.5267,0.113,0.843,0.044
-0.5719,0.268,0.595,0.137
0.3612,0.038,0.885,0.078
0.7184,0.0,0.806,0.194
-0.7506,0.144,0.856,0.0
-0.4215,0.08,0.92,0.0
0.9081,0.028,0.631,0.341
-0.7506,0.287,0.656,0.056
0.6705,0.0,0.8,0.2
0.25,0.078,0.811,0.111
-0.8779,0.28,0.72,0.0
0.5859,0.0,0.839,0.161
-0.7184,0.212,0.788,0.0
-0.7269,0.208,0.792,0.0
-0.6705,0.175,0.769,0.056
-0.34,0.099,0.901,0.0
0.3195,0.078,0.776,0.146
-0.0299,0.081,0.843,0.077
-0.7128,0.192,0.808,0.0
-0.4767,0.19,0.712,0.098
-0.3182,0.073,0.927,0.0
-0.8934,0.304,0.635,0.061
-0.4404,0.164,0.76,0.076
0.4215,0.0,0.917,0.083
-0.8824,0.263,0.737,0.0
-0.2023,0.105,0.784,0.111
-0.6249,0.128,0.872,0.0
0.0,0.0,1.0,0.0
-0.2263,0.107,0.814,0.078
-0.1531,0.132,0.777,0.091
0.0,0.0,1.0,0.0
-0.7003,0.202,0.726,0.073
-0.4588,0.174,0.703,0.122
-0.34,0.085,0.915,0.0
-0.4767,0.193,0.67,0.137
-0.8126,0.268,0.67,0.061
-0.0258,0.066,0.871,0.063
-0.4588,0.103,0.897,0.0
0.5267,0.061,0.782,0.156
0.7964,0.0,0.748,0.252
0.2263,0.051,0.871,0.078
0.3182,0.063,0.836,0.101
-0.4767,0.184,0.73,0.086
-0.6249,0.231,0.678,0.092
-0.5267,0.102,0.898,0.0
0.4939,0.0,0.897,0.103
-0.8126,0.251,0.749,0.0
0.0854,0.101,0.791,0.108
0.1779,0.105,0.735,0.16
-0.4767,0.097,0.903,0.0
-0.2263,0.24,0.599,0.161
-0.7506,0.257,0.628,0.115
0.6486,0.0,0.85,0.15
0.6486,0.0,0.841,0.159
-0.5106,0.088,0.912,0.0
-0.8249,0.263,0.645,0.092
-0.7506,0.261,0.661,0.078
-0.9186,0.305,0.638,0.058
-0.5267,0.24,0.577,0.183
-0.6597,0.229,0.691,0.08
-0.9403,0.39,0.61,0.0
-0.1027,0.046,0.954,0.0
-0.9442,0.358,0.535,0.107
0.2878,0.059,0.847,0.093
-0.3818,0.154,0.772,0.074
-0.128,0.087,0.841,0.072
0.8316,0.073,0.53,0.397
-0.4215,0.18,0.688,0.132
-0.4767,0.091,0.909,0.0
-0.765,0.203,0.69,0.107
-0.9186,0.3,0.7,0.0
0.1027,0.08,0.796,0.124
-0.5267,0.212,0.706,0.082
0.0258,0.145,0.741,0.114
0.0,0.0,1.0,0.0
-0.3612,0.082,0.918,0.0
-0.0516,0.084,0.868,0.048
-0.6705,0.233,0.689,0.078
0.0516,0.0,0.957,0.043
0.7034,0.0,0.838,0.162
-0.836,0.225,0.666,0.11
0.3612,0.06,0.813,0.127
0.4767,0.0,0.868,0.132
0.2263,0.088,0.767,0.145
0.8608,0.047,0.724,0.229
0.0516,0.154,0.686,0.159
0.8957,0.0,0.678,0.322
-0.8658,0.359,0.548,0.093
0.5267,0.0,0.879,0.121
0.0516,0.067,0.86,0.073
-0.3182,0.084,0.916,0.0
0.5574,0.066,0.787,0.147
-0.5574,0.108,0.856,0.036
-0.7845,0.298,0.573,0.129
-0.2263,0.081,0.866,0.054
0.6249,0.096,0.65,0.254
-0.7783,0.214,0.786,0.0
-0.9517,0.41,0.59,0.0
-0.8402,0.208,0.792,0.0
-0.1027,0.111,0.786,0.104
0.0,0.0,1.0,0.0
0.2023,0.0,0.947,0.053
-0.6597,0.154,0.807,0.039
0.3612,0.0,0.92,0.08
0.4588,0.063,0.813,0.124
-0.743,0.149,0.851,0.0
-0.4588,0.213,0.638,0.149
0.2263,0.07,0.767,0.163
-0.1027,0.199,0.638,0.163
-0.8658,0.263,0.737,0.0
0.1779,0.072,0.807,0.121
0.2023,0.0,0.947,0.053
-0.5859,0.182,0.732,0.086
0.663,0.069,0.783,0.148
0.6705,0.0,0.841,0.159
-0.6908,0.148,0.852,0.0
-0.872,0.332,0.591,0.077
-0.4215,0.119,0.881,0.0
0.9382,0.0,0.73,0.27
-0.296,0.161,0.756,0.083
-0.1027,0.045,0.955,0.0
-0.93,0.322,0.678,0.0
-0.6412,0.129,0.871,0.0
-0.3182,0.073,0.927,0.0
0.7184,0.0,0.857,0.143
-0.4215,0.08,0.92,0.0
-0.8555,0.318,0.636,0.046
0.6767,0.0,0.859,0.141
-0.875,0.286,0.653,0.061
-0.7906,0.205,0.795,0.0
-0.5994,0.13,0.87,0.0
-0.7096,0.257,0.636,0.107
-0.5994,0.159,0.841,0.0
0.2732,0.083,0.748,0.169
0.3182,0.0,0.933,0.067
-0.6249,0.134,0.866,0.0
-0.9313,0.377,0.623,0.0
-0.8779,0.288,0.712,0.0
-0.9337,0.335,0.665,0.0
-0.128,0.087,0.841,0.072
0.6705,0.052,0.794,0.154
0.4404,0.053,0.831,0.116
-0.7096,0.192,0.808,0.0
0.2263,0.0,0.939,0.061
-0.7845,0.231,0.769,0.0
0.0,0.0,1.0,0.0
0.0,0.0,1.0,0.0
0.6908,0.051,0.765,0.184
-0.6908,0.159,0.768,0.073
-0.5106,0.214,0.696,0.09
-0.8555,0.219,0.781,0.0
-0.1779,0.11,0.773,0.117
0.6808,0.057,0.719,0.225
0.5106,0.0,0.882,0.118
-0.6757,0.203,0.76,0.037
-0.8225,0.291,0.709,0.0
0.3182,0.069,0.82,0.111
0.1531,0.071,0.839,0.09
-0.765,0.196,0.804,0.0
-0.2732,0.072,0.928,0.0
0.0,0.0,1.0,0.0
-0.9648,0.329,0.631,0.041
-0.7783,0.19,0.754,0.056
-0.6597,0.167,0.833,0.0
0.7906,0.0,0.789,0.211
0.1531,0.0,0.944,0.056
-0.1779,0.087,0.819,0.094
-0.7527,0.154,0.78,0.066
0.0772,0.103,0.773,0.124
0.0,0.0,1.0,0.0
0.1481,0.051,0.883,0.066
0.8519,0.0,0.757,0.243
0.0,0.0,1.0,0.0
0.5423,0.024,0.884,0.092
-0.3182,0.076,0.924,0.0
-0.4588,0.129,0.871,0.0
0.0,0.0,1.0,0.0
-0.8481,0.254,0.746,0.0
-0.8074,0.196,0.804,0.0
0.6486,0.0,0.862,0.138
0.5574,0.061,0.795,0.143
0.34,0.0,0.948,0.052
0.4404,0.0,0.923,0.077
0.9169,0.0,0.721,0.279
-0.7096,0.16,0.84,0.0
0.2023,0.063,0.818,0.119
-0.1531,0.054,0.946,0.0
0.4767,0.043,0.857,0.101
0.5615,0.0,0.907,0.093
-0.7684,0.115,0.885,0.0
-0.5733,0.173,0.731,0.096
-0.8404,0.122,0.845,0.033
-0.5733,0.173,0.731,0.096
0.4404,0.076,0.782,0.143
0.6124,0.0,0.861,0.139
0.2023,0.123,0.629,0.248
-0.4019,0.222,0.655,0.124
0.5994,0.0,0.898,0.102
-0.6705,0.148,0.852,0.0
0.5106,0.067,0.765,0.168
0.0772,0.08,0.831,0.09
0.6597,0.0,0.81,0.19
0.2263,0.0,0.927,0.073
-0.8442,0.2,0.757,0.043
-0.2023,0.105,0.827,0.069
0.4404,0.0,0.903,0.097
-0.7783,0.255,0.672,0.073
-0.6124,0.125,0.875,0.0
-0.8074,0.22,0.654,0.126
0.5478,0.065,0.768,0.166
-0.6124,0.179,0.821,0.0
0.0258,0.107,0.763,0.13
0.0516,0.123,0.725,0.152
0.34,0.0,0.912,0.088
-0.4767,0.111,0.847,0.042
-0.9001,0.289,0.711,0.0
-0.1901,0.037,0.963,0.0
-0.296,0.046,0.954,0.0
-0.7184,0.196,0.769,0.035
-0.1779,0.109,0.804,0.087
-0.8402,0.222,0.778,0.0
0.4404,0.0,0.906,0.094
-0.0772,0.08,0.849,0.072
0.8689,0.0,0.638,0.362
-0.6705,0.119,0.847,0.034
-0.802,0.149,0.851,0.0
0.4019,0.0,0.875,0.125
-0.875,0.25,0.75,0.0
-0.4588,0.098,0.857,0.045
0.0,0.0,1.0,0.0
-0.9313,0.352,0.587,0.061
-0.2732,0.113,0.798,0.089
-0.9481,0.281,0.719,0.0
0.3182,0.0,0.922,0.078
0.4588,0.05,0.8,0.15
0.7269,0.0,0.876,0.124
0.6597,0.124,0.668,0.208
0.1779,0.071,0.84,0.089
0.5106,0.087,0.744,0.169
-0.872,0.188,0.782,0.03
-0.1531,0.048,0.952,0.0
-0.9393,0.278,0.722,0.0
-0.296,0.072,0.928,0.0
-0.3818,0.13,0.799,0.071
0.0,0.0,1.0,0.0
0.0516,0.0,0.959,0.041
-0.4404,0.114,0.855,0.031
-0.1027,0.095,0.823,0.082
-0.0772,0.09,0.831,0.08
-0.2263,0.074,0.875,0.05
-0.5423,0.149,0.757,0.094
-0.6124,0.167,0.833,0.0
-0.1027,0.088,0.833,0.079
0.0,0.077,0.821,0.102
-0.34,0.134,0.807,0.059
0.7579,0.0,0.776,0.224
0.0,0.0,1.0,0.0
0.4404,0.0,0.903,0.097
0.4404,0.0,0.954,0.046
0.4404,0.0,0.903,0.097
-0.836,0.207,0.793,0.0
0.3612,0.0,0.923,0.077
-0.34,0.131,0.806,0.064
-0.34,0.082,0.918,0.0
0.0,0.0,1.0,0.0
-0.2732,0.063,0.937,0.0
0.6369,0.06,0.753,0.187
-0.296,0.129,0.808,0.063
0.3182,0.0,0.937,0.063
-0.7717,0.251,0.749,0.0
0.4019,0.0,0.899,0.101
0.2023,0.061,0.856,0.083
0.1779,0.089,0.774,0.138
0.25,0.029,0.922,0.049
0.1531,0.06,0.862,0.078
0.6597,0.0,0.819,0.181
-0.296,0.127,0.788,0.086
0.3818,0.0,0.912,0.088
-0.6705,0.149,0.801,0.049
-0.5574,0.095,0.905,0.0
0.4939,0.0,0.904,0.096
0.4019,0.0,0.942,0.058
-0.8176,0.195,0.713,0.092
-0.8225,0.249,0.751,0.0
0.7845,0.0,0.861,0.139
-0.5106,0.161,0.725,0.114
0.1779,0.06,0.845,0.095
0.0,0.0,1.0,0.0
0.1779,0.032,0.919,0.05
0.6187,0.11,0.723,0.167
0.1531,0.087,0.808,0.105
0.0772,0.105,0.746,0.149
-0.34,0.074,0.926,0.0
-0.128,0.06,0.87,0.07
-0.836,0.263,0.737,0.0
0.25,0.05,0.863,0.086
0.0,0.119,0.795,0.086
-0.296,0.089,0.859,0.052
-0.2732,0.072,0.928,0.0
0.0,0.0,1.0,0.0
0.6369,0.0,0.896,0.104
0.4588,0.0,0.844,0.156
-0.7178,0.148,0.781,0.07
-0.296,0.087,0.913,0.0
0.1027,0.066,0.857,0.077
-0.34,0.152,0.777,0.071
-0.2023,0.083,0.861,0.056
-0.6249,0.124,0.876,0.0
0.128,0.113,0.784,0.103
-0.1027,0.123,0.779,0.099
-0.5106,0.14,0.821,0.04
0.7835,0.062,0.672,0.266
0.0516,0.064,0.867,0.069
-0.0516,0.156,0.694,0.15
-0.9169,0.264,0.736,0.0
-0.8689,0.212,0.738,0.05
-0.2023,0.105,0.814,0.081
-0.34,0.12,0.771,0.109
-0.8555,0.273,0.727,0.0
0.0772,0.0,0.973,0.027
-0.9246,0.318,0.601,0.081
-0.3818,0.181,0.702,0.118
0.5859,0.053,0.793,0.153
-0.4939,0.13,0.87,0.0
0.0,0.0,1.0,0.0
-0.8316,0.282,0.718,0.0
0.0,0.0,1.0,0.0
-0.5106,0.093,0.907,0.0
-0.4215,0.098,0.88,0.022
-0.1531,0.114,0.783,0.102
-0.8126,0.208,0.744,0.048
-0.8534,0.289,0.711,0.0
-0.886,0.219,0.781,0.0
-0.1027,0.096,0.795,0.109
-0.6858,0.187,0.813,0.0
0.5423,0.068,0.797,0.135
-0.7579,0.231,0.769,0.0
0.4588,0.043,0.837,0.121
-0.5106,0.105,0.895,0.0
-0.891,0.275,0.725,0.0
-0.5423,0.134,0.866,0.0
-0.8176,0.181,0.819,0.0
-0.2263,0.098,0.831,0.071
-0.8271,0.244,0.756,0.0
-0.7184,0.176,0.824,0.0
0.5423,0.0,0.857,0.143
0.5859,0.0,0.862,0.138
-0.4588,0.147,0.853,0.0
-0.1027,0.049,0.951,0.0
-0.5267,0.104,0.896,0.0
0.5423,0.0,0.87,0.13
-0.8225,0.256,0.744,0.0
-0.8519,0.237,0.763,0.0
-0.6486,0.258,0.603,0.14
0.5423,0.0,0.885,0.115
-0.4939,0.103,0.897,0.0
0.6705,0.061,0.72,0.219
-0.8807,0.319,0.681,0.0
0.7096,0.0,0.888,0.112
-0.6124,0.139,0.861,0.0
-0.3818,0.102,0.898,0.0
0.4939,0.0,0.856,0.144
0.7506,0.101,0.616,0.283
-0.296,0.115,0.807,0.078
-0.34,0.128,0.785,0.087
0.3612,0.0,0.951,0.049
-0.6124,0.186,0.755,0.06
-0.7351,0.235,0.663,0.102
0.4819,0.044,0.842,0.113
-0.5994,0.182,0.744,0.074
-0.886,0.202,0.798,0.0
0.34,0.057,0.82,0.123
-0.6908,0.151,0.815,0.035
0.0,0.0,1.0,0.0
0.8074,0.0,0.758,0.242
-0.6249,0.135,0.826,0.04
-0.6369,0.183,0.727,0.09
-0.0772,0.08,0.846,0.074
0.6124,0.0,0.848,0.152
-0.128,0.152,0.728,0.121
-0.4588,0.229,0.637,0.134
0.0608,0.076,0.813,0.111
0.1027,0.087,0.815,0.098
-0.6705,0.164,0.836,0.0
-0.1531,0.207,0.576,0.217
-0.8402,0.315,0.608,0.077
-0.1779,0.114,0.787,0.099
0.2263,0.035,0.868,0.096
0.7351,0.0,0.795,0.205
-0.9201,0.361,0.639,0.0
-0.6808,0.153,0.847,0.0
0.8625,0.0,0.745,0.255
0.872,0.0,0.658,0.342
0.6908,0.0,0.845,0.155
0.2663,0.0,0.898,0.102
-0.836,0.32,0.68,0.0
-0.4404,0.132,0.792,0.076
0.8402,0.063,0.628,0.309
0.4215,0.0,0.917,0.083
-0.8885,0.237,0.763,0.0
-0.7783,0.165,0.806,0.028
-0.5574,0.114,0.848,0.038
0.0,0.0,1.0,0.0
0.0,0.0,1.0,0.0
0.5719,0.084,0.709,0.207
-0.6249,0.164,0.779,0.057
-0.6597,0.144,0.856,0.0
0.4019,0.119,0.731,0.15
-0.8957,0.293,0.707,0.0
-0.743,0.237,0.687,0.076
-0.3818,0.195,0.659,0.147
-0.743,0.13,0.87,0.0
-0.6597,0.21,0.677,0.114
-0.4939,0.194,0.73,0.076
0.0,0.0,1.0,0.0
0.7783,0.0,0.794,0.206
0.8555,0.0,0.669,0.331
-0.6633,0.092,0.908,0.0
-0.7783,0.164,0.792,0.044
0.1027,0.093,0.808,0.1
0.802,0.0,0.753,0.247
-0.4767,0.163,0.713,0.124
-0.4404,0.109,0.842,0.049
0.6908,0.055,0.754,0.191
0.4767,0.083,0.735,0.182
-0.25,0.103,0.858,0.04
0.3612,0.0,0.92,0.08
-0.7096,0.231,0.653,0.117
0.4767,0.063,0.812,0.125
-0.3612,0.149,0.774,0.077
-0.1027,0.045,0.955,0.0
-0.6249,0.12,0.88,0.0
-0.4404,0.135,0.78,0.085
-0.5423,0.101,0.899,0.0
-0.25,0.162,0.675,0.162
-0.7184,0.241,0.759,0.0
-0.128,0.073,0.867,0.06
-0.4588,0.115,0.885,0.0
-0.2023,0.113,0.798,0.089
-0.8555,0.284,0.651,0.065
-0.9393,0.257,0.743,0.0
-0.4019,0.204,0.632,0.164
-0.8957,0.304,0.696,0.0
-0.296,0.099,0.846,0.055
-0.3182,0.234,0.566,0.201
-0.4939,0.13,0.782,0.088
-0.8442,0.198,0.763,0.04
0.1531,0.0,0.946,0.054
0.765,0.036,0.823,0.141
-0.8481,0.153,0.847,0.0
0.8779,0.0,0.654,0.346
0.2732,0.143,0.68,0.177
-0.1027,0.29,0.43,0.281
0.5423,0.0,0.896,0.104
-0.802,0.254,0.697,0.05
0.8074,0.051,0.699,0.251
-0.5106,0.178,0.697,0.125
-0.128,0.101,0.786,0.113
-0.9509,0.42,0.539,0.04
0.6705,0.043,0.806,0.151
-0.8519,0.297,0.703,0.0
-0.1779,0.112,0.809,0.079
0.3818,0.097,0.727,0.176
-0.5859,0.196,0.733,0.071
0.4588,0.143,0.632,0.225
-0.4019,0.208,0.63,0.162
0.0,0.0,1.0,0.0
0.0,0.0,1.0,0.0
-0.4588,0.091,0.877,0.032
-0.2732,0.116,0.771,0.113
-0.7717,0.312,0.581,0.107
-0.2342,0.12,0.785,0.095
0.0,0.0,1.0,0.0
0.0,0.0,1.0,0.0
0.6249,0.0,0.873,0.127
-0.9042,0.262,0.685,0.053
-0.6486,0.104,0.896,0.0
0.5267,0.095,0.741,0.165
-0.6597,0.176,0.763,0.061
0.3612,0.0,0.902,0.098
-0.4404,0.088,0.912,0.0
-0.3818,0.159,0.762,0.079
-0.6757,0.156,0.776,0.068
-0.8316,0.29,0.71,0.0
-0.9136,0.27,0.69,0.04
-0.0516,0.095,0.789,0.116
0.1779,0.08,0.797,0.123
-0.3612,0.19,0.633,0.178
0.7783,0.0,0.786,0.214
0.0516,0.074,0.845,0.081
-0.0258,0.043,0.917,0.04
-0.875,0.286,0.714,0.0
-0.2732,0.116,0.797,0.087
-0.25,0.113,0.806,0.081
-0.8834,0.238,0.69,0.072
-0.8399,0.283,0.638,0.079
-0.2023,0.069,0.898,0.033
-0.0772,0.112,0.764,0.125
0.0258,0.097,0.774,0.129
-0.2023,0.144,0.769,0.087
-0.8402,0.216,0.784,0.0
-0.0516,0.077,0.851,0.072
0.5267,0.0,0.909,0.091
-0.2263,0.09,0.818,0.092
-0.25,0.077,0.923,0.0
-0.926,0.287,0.668,0.045
-0.4404,0.135,0.865,0.0
0.6908,0.061,0.766,0.173
-0.6486,0.125,0.875,0.0
0.1027,0.093,0.777,0.13
-0.1531,0.082,0.851,0.066
-0.3612,0.211,0.607,0.182
0.7351,0.0,0.866,0.134
0.0,0.0,1.0,0.0
0.3612,0.107,0.747,0.146
0.0,0.0,1.0,0.0
-0.7003,0.121,0.825,0.054
-0.8074,0.169,0.775,0.056
0.2023,0.0,0.921,0.079
0.1027,0.129,0.735,0.136
0.1531,0.08,0.824,0.096
-0.5859,0.134,0.866,0.0
-0.7269,0.271,0.65,0.079
-0.296,0.049,0.951,0.0
-0.25,0.065,0.935,0.0
-0.34,0.209,0.612,0.179
-0.6124,0.115,0.859,0.026
-0.3612,0.175,0.748,0.078
-0.8677,0.259,0.741,0.0
-0.296,0.154,0.756,0.09
0.1779,0.108,0.751,0.141
0.7783,0.021,0.839,0.14
0.8316,0.042,0.764,0.194
0.2023,0.13,0.718,0.152
0.0,0.0,1.0,0.0
-0.5267,0.218,0.632,0.149
0.3612,0.0,0.925,0.075
-0.3818,0.163,0.714,0.122
0.4215,0.0,0.899,0.101
0.0,0.0,1.0,0.0
0.3182,0.069,0.82,0.11
0.3818,0.0,0.923,0.077
0.5423,0.0,0.907,0.093
-0.34,0.124,0.876,0.0
-0.6249,0.229,0.701,0.07
-0.7579,0.188,0.77,0.042
-0.6249,0.229,0.701,0.07
0.2023,0.042,0.899,0.059
0.2023,0.064,0.811,0.125
-0.3182,0.073,0.927,0.0
-0.2023,0.202,0.591,0.207
-0.5859,0.259,0.568,0.173
0.4939,0.038,0.865,0.097
0.1779,0.052,0.877,0.071
0.0,0.0,1.0,0.0
-0.4588,0.121,0.879,0.0
-0.5859,0.17,0.73,0.099
-0.4939,0.18,0.755,0.065
0.0,0.0,1.0,0.0
-0.6124,0.143,0.808,0.049
-0.7184,0.171,0.829,0.0
-0.1531,0.086,0.839,0.075
-0.4588,0.166,0.756,0.078
-0.25,0.208,0.614,0.178
0.7506,0.074,0.684,0.242
0.4215,0.062,0.795,0.142
-0.0258,0.137,0.699,0.164
0.5994,0.0,0.86,0.14
-0.5574,0.087,0.913,0.0
0.4404,0.086,0.751,0.164
0.2732,0.054,0.811,0.135
-0.91,0.248,0.752,0.0
-0.8689,0.24,0.76,0.0
0.1779,0.133,0.721,0.146
0.3182,0.0,0.927,0.073
0.5334,0.082,0.773,0.145
0.0,0.0,1.0,0.0
-0.0258,0.091,0.79,0.119
-0.7003,0.228,0.699,0.073
0.6597,0.0,0.802,0.198
-0.6597,0.184,0.816,0.0
-0.8591,0.253,0.747,0.0
0.8074,0.025,0.82,0.155
-0.6808,0.226,0.774,0.0
0.875,0.056,0.654,0.29
-0.836,0.262,0.667,0.071
0.0,0.0,1.0,0.0
-0.0516,0.108,0.788,0.104
0.0772,0.085,0.822,0.093
-0.7845,0.274,0.638,0.087
0.7506,0.0,0.847,0.153
-0.9153,0.249,0.714,0.037
0.4404,0.0,0.909,0.091
0.6486,0.041,0.815,0.144
0.6369,0.08,0.69,0.23
-0.2732,0.103,0.826,0.071
-0.4019,0.102,0.835,0.063
-0.0516,0.084,0.838,0.078
-0.7579,0.221,0.779,0.0
-0.8519,0.19,0.81,0.0
-0.34,0.093,0.862,0.045
-0.34,0.088,0.912,0.0
0.8591,0.07,0.683,0.246
-0.2732,0.076,0.871,0.052
-0.6705,0.198,0.716,0.086
0.4404,0.039,0.868,0.092
0.296,0.061,0.813,0.126
-0.9274,0.328,0.603,0.069
-0.5423,0.201,0.729,0.07
0.296,0.071,0.805,0.124
-0.4019,0.166,0.761,0.073
-0.802,0.233,0.767,0.0
-0.7579,0.158,0.807,0.035
-0.802,0.233,0.767,0.0
-0.1027,0.067,0.876,0.057
-0.128,0.059,0.941,0.0
0.1779,0.0,0.95,0.05
-0.5423,0.123,0.877,0.0
-0.4215,0.136,0.783,0.081
-0.8591,0.27,0.662,0.069
-0.4939,0.103,0.897,0.0
-0.6808,0.153,0.847,0.0
0.0,0.0,1.0,0.0
-0.901,0.368,0.555,0.077
0.2732,0.087,0.771,0.141
-0.765,0.254,0.628,0.118
0.7351,0.0,0.838,0.162
0.0,0.074,0.852,0.074
-0.2732,0.183,0.685,0.132
-0.8316,0.147,0.853,0.0
0.296,0.0,0.927,0.073
-0.7003,0.137,0.808,0.055
-0.4019,0.117,0.883,0.0
0.2732,0.0,0.925,0.075
-0.3182,0.081,0.919,0.0
-0.7845,0.204,0.796,0.0
-0.6705,0.214,0.733,0.053
-0.802,0.216,0.738,0.046
0.2263,0.117,0.733,0.15
-0.7783,0.19,0.731,0.08
-0.701,0.155,0.801,0.044
-0.4215,0.148,0.782,0.07
-0.8228,0.154,0.791,0.055
-0.8481,0.269,0.731,0.0
-0.872,0.362,0.549,0.09
0.6597,0.0,0.876,0.124
-0.7269,0.176,0.769,0.055
0.6369,0.072,0.719,0.209
-0.8591,0.266,0.734,0.0
-0.4215,0.188,0.667,0.145
-0.5719,0.252,0.587,0.161
-0.25,0.158,0.711,0.132
0.4404,0.058,0.815,0.127
-0.4767,0.216,0.641,0.143
-0.5106,0.134,0.801,0.065
-0.6908,0.195,0.745,0.06
-0.8271,0.222,0.778,0.0
0.6249,0.0,0.87,0.13
-0.4019,0.078,0.922,0.0
-0.6486,0.161,0.792,0.047
-0.7783,0.188,0.744,0.068
-0.8176,0.202,0.752,0.046
0.0,0.0,1.0,0.0
0.5719,0.0,0.899,0.101
-0.2023,0.12,0.781,0.099
0.7506,0.0,0.789,0.211
-0.6486,0.128,0.835,0.037
-0.8519,0.277,0.693,0.029
-0.5106,0.106,0.855,0.038
0.6808,0.0,0.838,0.162
-0.0772,0.075,0.835,0.09
0.6124,0.0,0.857,0.143
-0.3818,0.089,0.866,0.045
0.4019,0.0,0.903,0.097
0.7837,0.037,0.788,0.176
-0.5859,0.138,0.862,0.0
0.5994,0.0,0.874,0.126
-0.8271,0.246,0.692,0.062
0.5267,0.0,0.895,0.105
-0.5267,0.173,0.706,0.12
-0.128,0.116,0.755,0.129
0.3612,0.111,0.739,0.15
-0.3182,0.067,0.933,0.0
0.0516,0.08,0.833,0.087
-0.7845,0.332,0.582,0.086
0.4939,0.0,0.897,0.103
-0.836,0.308,0.585,0.107
-0.5423,0.101,0.899,0.0
0.0,0.138,0.757,0.105
0.3182,0.0,0.929,0.071
0.0516,0.146,0.704,0.15
-0.5106,0.105,0.895,0.0
-0.6808,0.155,0.845,0.0
-0.4019,0.085,0.915,0.0
-0.8519,0.304,0.599,0.097
-0.7906,0.222,0.778,0.0
-0.743,0.215,0.744,0.041
-0.8885,0.341,0.525,0.133
-0.3612,0.199,0.672,0.129
0.128,0.0,0.945,0.055
-0.1779,0.085,0.853,0.061
0.7003,0.0,0.838,0.162
-0.2263,0.135,0.8,0.065
0.5994,0.059,0.819,0.122
0.4019,0.0,0.917,0.083
-0.5574,0.136,0.805,0.059
0.2263,0.0,0.942,0.058
-0.743,0.213,0.787,0.0
0.0,0.0,1.0,0.0
0.2023,0.0,0.94,0.06
-0.4939,0.113,0.887,0.0
0.6908,0.0,0.84,0.16
0.0516,0.164,0.641,0.195
0.4019,0.0,0.912,0.088
0.4939,0.059,0.791,0.15
0.1027,0.207,0.602,0.191
-0.7506,0.209,0.791,0.0
-0.2023,0.144,0.763,0.093
-0.3182,0.075,0.883,0.042
-0.7964,0.242,0.701,0.057
-0.6705,0.184,0.731,0.086
-0.7579,0.197,0.743,0.059
0.0,0.0,1.0,0.0
-0.9169,0.323,0.677,0.0
-0.6124,0.193,0.736,0.071
-0.5423,0.13,0.816,0.054
-0.6249,0.207,0.728,0.064
-0.2263,0.1,0.9,0.0
0.2732,0.193,0.587,0.22
0.7906,0.0,0.758,0.242
0.5423,0.0,0.889,0.111
-0.5423,0.101,0.899,0.0
-0.0258,0.07,0.863,0.067
-0.0772,0.106,0.796,0.097
-0.3612,0.073,0.886,0.041
-0.7351,0.181,0.819,0.0
0.5106,0.186,0.573,0.241
0.0,0.0,1.0,0.0
0.4939,0.0,0.904,0.096
0.6249,0.101,0.716,0.183
-0.5859,0.185,0.707,0.109
0.3182,0.066,0.802,0.132
-0.25,0.056,0.944,0.0
-0.8555,0.314,0.612,0.074
-0.0859,0.171,0.694,0.135
-0.6249,0.114,0.886,0.0
0.7184,0.0,0.829,0.171
-0.296,0.072,0.891,0.037
0.743,0.0,0.804,0.196
0.4939,0.037,0.842,0.121
0.3818,0.0,0.906,0.094
-0.8225,0.265,0.676,0.059
0.0516,0.093,0.807,0.099
0.2023,0.0,0.935,0.065
-0.34,0.068,0.932,0.0
-0.25,0.059,0.941,0.0
0.7964,0.0,0.812,0.188
-0.4404,0.184,0.685,0.132
-0.9081,0.222,0.778,0.0
-0.4019,0.122,0.832,0.047
-0.5859,0.185,0.739,0.077
-0.5873,0.227,0.623,0.15
0.6597,0.0,0.856,0.144
-0.743,0.128,0.872,0.0
-0.5106,0.187,0.686,0.127
0.3818,0.102,0.766,0.131
-0.431,0.185,0.711,0.104
-0.7096,0.273,0.602,0.125
-0.9246,0.324,0.676,0.0
-0.7269,0.239,0.648,0.112
0.3612,0.102,0.78,0.119
0.1675,0.079,0.761,0.16
-0.9633,0.437,0.538,0.025
-0.8126,0.251,0.691,0.058
0.6705,0.0,0.814,0.186
0.4588,0.042,0.837,0.122
-0.2023,0.097,0.825,0.078
0.0772,0.0,0.954,0.046
-0.6908,0.242,0.758,0.0
-0.0516,0.04,0.925,0.035
-0.9136,0.407,0.593,0.0
-0.8176,0.26,0.74,0.0
-0.9325,0.278,0.636,0.086
-0.9509,0.417,0.583,0.0
-0.7906,0.188,0.812,0.0
-0.6249,0.159,0.841,0.0
0.128,0.0,0.96,0.04
-0.8957,0.263,0.737,0.0
0.1027,0.115,0.761,0.124
-0.6908,0.207,0.735,0.058
0.7978,0.0,0.808,0.192
0.0946,0.134,0.722,0.144
-0.9169,0.253,0.747,0.0
-0.7906,0.169,0.784,0.047
0.34,0.0,0.938,0.062
-0.7351,0.124,0.876,0.0
-0.4019,0.152,0.746,0.101
-0.7096,0.19,0.751,0.06
-0.9022,0.224,0.737,0.039
-0.5106,0.118,0.882,0.0
0.1779,0.102,0.743,0.155
0.25,0.09,0.767,0.143
-0.6705,0.186,0.814,0.0
0.0258,0.166,0.667,0.168
-0.1779,0.206,0.649,0.145
0.0258,0.083,0.831,0.086
0.4215,0.072,0.807,0.121
-0.4019,0.179,0.72,0.101
0.0,0.0,1.0,0.0
0.5267,0.0,0.884,0.116
0.0,0.069,0.863,0.069
0.0772,0.146,0.701,0.152
0.7783,0.154,0.554,0.293
-0.7184,0.171,0.829,0.0
-0.9649,0.131,0.775,0.094
-0.9921,0.136,0.772,0.092
-0.9549,0.104,0.816,0.08
-0.7973,0.134,0.734,0.131
-0.9408,0.125,0.774,0.101
-0.9972,0.175,0.759,0.066
-0.9564,0.132,0.753,0.115
-0.9691,0.114,0.814,0.072
-0.4588,0.25,0.567,0.183
0.6742,0.101,0.789,0.111
-0.9972,0.173,0.726,0.101
-0.9983,0.187,0.728,0.085
-0.989,0.15,0.763,0.088
-0.9808,0.121,0.81,0.069
-0.6124,0.625,0.375,0.0
0.0,0.0,1.0,0.0
-0.9775,0.127,0.784,0.089
-0.9967,0.196,0.709,0.096
-0.9604,0.134,0.759,0.107
-0.8003,0.136,0.736,0.128
-0.9915,0.144,0.797,0.059
-0.979,0.135,0.781,0.084
-0.9972,0.177,0.729,0.095
-0.9979,0.168,0.752,0.08
-0.5362,0.1,0.9,0.0
-0.9612,0.129,0.769,0.102
-0.9891,0.144,0.771,0.085
-0.9607,0.113,0.798,0.089
-0.9934,0.169,0.743,0.087
-0.9965,0.161,0.757,0.082
0.8534,0.091,0.8,0.109
-0.81,0.125,0.761,0.114
-0.961,0.116,0.791,0.093
-0.9599,0.105,0.823,0.072
-0.9592,0.118,0.795,0.087
0.2813,0.126,0.744,0.131
-0.9978,0.188,0.703,0.109
-0.9925,0.152,0.754,0.094
-0.6908,0.098,0.814,0.088
-0.9846,0.138,0.775,0.087
-0.9789,0.13,0.783,0.087
-0.9761,0.115,0.819,0.066
-0.8786,0.133,0.753,0.114
-0.9977,0.197,0.703,0.1
-0.6718,0.099,0.798,0.103
-0.9701,0.129,0.767,0.104
0.5499,0.099,0.779,0.122
-0.9584,0.11,0.815,0.075
-0.9881,0.158,0.75,0.092
-0.8915,0.128,0.754,0.118
-0.9938,0.148,0.779,0.073
-0.9897,0.116,0.801,0.083
-0.9982,0.137,0.789,0.074
-0.9801,0.125,0.799,0.076
-0.2263,0.112,0.748,0.14
-0.9482,0.137,0.761,0.102
0.6775,0.116,0.757,0.127
-0.9909,0.143,0.776,0.081
-0.9942,0.147,0.784,0.069
-0.9923,0.132,0.803,0.065
-0.9738,0.117,0.802,0.08
-0.9976,0.174,0.758,0.068
-0.8518,0.12,0.772,0.108
-0.9934,0.144,0.764,0.092
-0.9976,0.172,0.767,0.061
-0.9909,0.131,0.789,0.079
-0.8316,0.121,0.769,0.11
-0.9967,0.177,0.732,0.091
-0.9951,0.175,0.742,0.083
-0.9981,0.209,0.731,0.06
-0.7759,0.12,0.791,0.089
-0.9517,0.169,0.759,0.072
-0.9973,0.186,0.734,0.08
-0.9985,0.211,0.747,0.043
-0.9974,0.185,0.75,0.065
-0.9934,0.144,0.79,0.065
-0.9615,0.133,0.774,0.093
-0.9963,0.165,0.775,0.059
-0.9947,0.165,0.752,0.083
-0.9788,0.13,0.776,0.093
-0.9952,0.165,0.735,0.1
-0.9893,0.152,0.752,0.097
-0.9839,0.131,0.787,0.082
-0.9966,0.158,0.775,0.068
0.5574,0.0,0.769,0.231
-0.9964,0.152,0.785,0.063
-0.9217,0.139,0.745,0.116
-0.9989,0.218,0.718,0.065
-0.986,0.122,0.803,0.075
-0.9956,0.19,0.729,0.081
-0.9895,0.14,0.776,0.083
-0.9686,0.127,0.789,0.085
0.0885,0.13,0.745,0.126
-0.9905,0.169,0.716,0.115
0.8625,0.091,0.795,0.115
-0.9146,0.09,0.861,0.049
-0.8607,0.136,0.784,0.081
-0.9935,0.136,0.78,0.084
-0.9988,0.197,0.741,0.062
-0.9781,0.117,0.812,0.072
-0.992,0.165,0.739,0.096
-0.9896,0.154,0.758,0.088
-0.97,0.125,0.809,0.066
-0.9983,0.208,0.696,0.095
-0.9972,0.175,0.766,0.059
-0.9758,0.12,0.807,0.073
-0.6733,0.109,0.783,0.108
-0.9918,0.136,0.797,0.067
-0.9921,0.151,0.774,0.075
-0.967,0.123,0.787,0.089
-0.987,0.14,0.757,0.102
-0.9925,0.137,0.804,0.059
-0.8126,0.129,0.871,0.0
-0.9919,0.15,0.773,0.077
-0.9821,0.114,0.823,0.063
-0.8087,0.118,0.769,0.114
-0.5267,0.195,0.805,0.0
0.2732,0.0,0.92,0.08
